 , , OBJECT 1, , , , , , , OBJECT 2,,,,,,,,,,,,,,,,
t, , x1, y1, vx1, vy1, ax1, ay1, , x2, y2, vx2, vy2, ax2, ay2,,,,,,,,,,,
0, ,1.00001,3.00E-06,1,0.3,0,0, ,1.99999,0.499995,-0.5,-0.5,0,0,,,,,,,,,,,
0.001, ,1.00101,0.000303,1,0.3,0,0, ,1.99949,0.499495,-0.5,-0.5,0,0,,,,,,,,,,,
0.002, ,1.00201,0.000603,1,0.3,0,0, ,1.99899,0.498995,-0.5,-0.5,0,0,,,,Initial Conditions:,,,,,,,
0.003, ,1.00301,0.000903,1,0.3,0,0, ,1.99849,0.498495,-0.5,-0.5,0,0,,,,Object,m,r,k,x,y,vx,vy
0.004, ,1.00401,0.001203,1,0.3,0,0, ,1.99799,0.497995,-0.5,-0.5,0,0,,,,1,1,0.15,1302,1,0,1,0.3
0.005, ,1.00501,0.001503,1,0.3,0,0, ,1.99749,0.497495,-0.5,-0.5,0,0,,,,2,1,0.15,1302,2,0.5,-0.5,-0.5
0.006, ,1.00601,0.001803,1,0.3,0,0, ,1.99699,0.496995,-0.5,-0.5,0,0,,,,,,,,,,,
0.007, ,1.00701,0.002103,1,0.3,0,0, ,1.99649,0.496495,-0.5,-0.5,0,0,,,,,,,,,,,
0.008, ,1.00801,0.002403,1,0.3,0,0, ,1.99599,0.495995,-0.5,-0.5,0,0,,,,,,,,,,,
0.009, ,1.00901,0.002703,1,0.3,0,0, ,1.99549,0.495495,-0.5,-0.5,0,0,,,,,,,,,,,
0.01, ,1.01001,0.003003,1,0.3,0,0, ,1.99499,0.494995,-0.5,-0.5,0,0,,,,,,,,,,,
0.011, ,1.01101,0.003303,1,0.3,0,0, ,1.99449,0.494495,-0.5,-0.5,0,0,,,,,,,,,,,
0.012, ,1.01201,0.003603,1,0.3,0,0, ,1.99399,0.493995,-0.5,-0.5,0,0,,,,,,,,,,,
0.013, ,1.01301,0.003903,1,0.3,0,0, ,1.99349,0.493495,-0.5,-0.5,0,0,,,,,,,,,,,
0.014, ,1.01401,0.004203,1,0.3,0,0, ,1.99299,0.492995,-0.5,-0.5,0,0,,,,,,,,,,,
0.015, ,1.01501,0.004503,1,0.3,0,0, ,1.99249,0.492495,-0.5,-0.5,0,0,,,,,,,,,,,
0.016, ,1.01601,0.004803,1,0.3,0,0, ,1.99199,0.491995,-0.5,-0.5,0,0,,,,,,,,,,,
0.017, ,1.01701,0.005103,1,0.3,0,0, ,1.99149,0.491495,-0.5,-0.5,0,0,,,,,,,,,,,
0.018, ,1.01801,0.005403,1,0.3,0,0, ,1.99099,0.490995,-0.5,-0.5,0,0,,,,,,,,,,,
0.019, ,1.01901,0.005703,1,0.3,0,0, ,1.99049,0.490495,-0.5,-0.5,0,0,,,,,,,,,,,
0.02, ,1.02001,0.006003,1,0.3,0,0, ,1.98999,0.489995,-0.5,-0.5,0,0,,,,,,,,,,,
0.021, ,1.02101,0.006303,1,0.3,0,0, ,1.98949,0.489495,-0.5,-0.5,0,0,,,,,,,,,,,
0.022, ,1.02201,0.006603,1,0.3,0,0, ,1.98899,0.488995,-0.5,-0.5,0,0,,,,,,,,,,,
0.023, ,1.02301,0.006903,1,0.3,0,0, ,1.98849,0.488495,-0.5,-0.5,0,0,,,,,,,,,,,
0.024, ,1.02401,0.007203,1,0.3,0,0, ,1.98799,0.487995,-0.5,-0.5,0,0,,,,,,,,,,,
0.025, ,1.02501,0.007503,1,0.3,0,0, ,1.98749,0.487495,-0.5,-0.5,0,0,,,,,,,,,,,
0.026, ,1.02601,0.007803,1,0.3,0,0, ,1.98699,0.486995,-0.5,-0.5,0,0,,,,,,,,,,,
0.027, ,1.02701,0.008103,1,0.3,0,0, ,1.98649,0.486495,-0.5,-0.5,0,0,,,,,,,,,,,
0.028, ,1.02801,0.008403,1,0.3,0,0, ,1.98599,0.485995,-0.5,-0.5,0,0,,,,,,,,,,,
0.029, ,1.02901,0.008703,1,0.3,0,0, ,1.98549,0.485495,-0.5,-0.5,0,0,,,,,,,,,,,
0.03, ,1.03001,0.009003,1,0.3,0,0, ,1.98499,0.484995,-0.5,-0.5,0,0,,,,,,,,,,,
0.031, ,1.03101,0.009303,1,0.3,0,0, ,1.98449,0.484495,-0.5,-0.5,0,0,,,,,,,,,,,
0.032, ,1.03201,0.009603,1,0.3,0,0, ,1.98399,0.483995,-0.5,-0.5,0,0,,,,,,,,,,,
0.033, ,1.03301,0.009903,1,0.3,0,0, ,1.98349,0.483495,-0.5,-0.5,0,0,,,,,,,,,,,
0.034, ,1.03401,0.010203,1,0.3,0,0, ,1.98299,0.482995,-0.5,-0.5,0,0,,,,,,,,,,,
0.035, ,1.03501,0.010503,1,0.3,0,0, ,1.98249,0.482495,-0.5,-0.5,0,0,,,,,,,,,,,
0.036, ,1.03601,0.010803,1,0.3,0,0, ,1.98199,0.481995,-0.5,-0.5,0,0,,,,,,,,,,,
0.037, ,1.03701,0.011103,1,0.3,0,0, ,1.98149,0.481495,-0.5,-0.5,0,0,,,,,,,,,,,
0.038, ,1.03801,0.011403,1,0.3,0,0, ,1.98099,0.480995,-0.5,-0.5,0,0,,,,,,,,,,,
0.039, ,1.03901,0.011703,1,0.3,0,0, ,1.98049,0.480495,-0.5,-0.5,0,0,,,,,,,,,,,
0.04, ,1.04001,0.012003,1,0.3,0,0, ,1.97999,0.479995,-0.5,-0.5,0,0,,,,,,,,,,,
0.041, ,1.04101,0.012303,1,0.3,0,0, ,1.97949,0.479495,-0.5,-0.5,0,0,,,,,,,,,,,
0.042, ,1.04201,0.012603,1,0.3,0,0, ,1.97899,0.478995,-0.5,-0.5,0,0,,,,,,,,,,,
0.043, ,1.04301,0.012903,1,0.3,0,0, ,1.97849,0.478495,-0.5,-0.5,0,0,,,,,,,,,,,
0.044, ,1.04401,0.013203,1,0.3,0,0, ,1.97799,0.477995,-0.5,-0.5,0,0,,,,,,,,,,,
0.045, ,1.04501,0.013503,1,0.3,0,0, ,1.97749,0.477495,-0.5,-0.5,0,0,,,,,,,,,,,
0.046, ,1.04601,0.013803,1,0.3,0,0, ,1.97699,0.476995,-0.5,-0.5,0,0,,,,,,,,,,,
0.047, ,1.04701,0.014103,1,0.3,0,0, ,1.97649,0.476495,-0.5,-0.5,0,0,,,,,,,,,,,
0.048, ,1.04801,0.014403,1,0.3,0,0, ,1.97599,0.475995,-0.5,-0.5,0,0,,,,,,,,,,,
0.049, ,1.04901,0.014703,1,0.3,0,0, ,1.97549,0.475495,-0.5,-0.5,0,0,,,,,,,,,,,
0.05, ,1.05001,0.015003,1,0.3,0,0, ,1.97499,0.474995,-0.5,-0.5,0,0,,,,,,,,,,,
0.051, ,1.05101,0.015303,1,0.3,0,0, ,1.97449,0.474495,-0.5,-0.5,0,0,,,,,,,,,,,
0.052, ,1.05201,0.015603,1,0.3,0,0, ,1.97399,0.473995,-0.5,-0.5,0,0,,,,,,,,,,,
0.053, ,1.05301,0.015903,1,0.3,0,0, ,1.97349,0.473495,-0.5,-0.5,0,0,,,,,,,,,,,
0.054, ,1.05401,0.016203,1,0.3,0,0, ,1.97299,0.472995,-0.5,-0.5,0,0,,,,,,,,,,,
0.055, ,1.05501,0.016503,1,0.3,0,0, ,1.97249,0.472495,-0.5,-0.5,0,0,,,,,,,,,,,
0.056, ,1.05601,0.016803,1,0.3,0,0, ,1.97199,0.471995,-0.5,-0.5,0,0,,,,,,,,,,,
0.057, ,1.05701,0.017103,1,0.3,0,0, ,1.97149,0.471495,-0.5,-0.5,0,0,,,,,,,,,,,
0.058, ,1.05801,0.017403,1,0.3,0,0, ,1.97099,0.470995,-0.5,-0.5,0,0,,,,,,,,,,,
0.059, ,1.05901,0.017703,1,0.3,0,0, ,1.97049,0.470495,-0.5,-0.5,0,0,,,,,,,,,,,
0.06, ,1.06001,0.018003,1,0.3,0,0, ,1.96999,0.469995,-0.5,-0.5,0,0,,,,,,,,,,,
0.061, ,1.06101,0.018303,1,0.3,0,0, ,1.96949,0.469495,-0.5,-0.5,0,0,,,,,,,,,,,
0.062, ,1.06201,0.018603,1,0.3,0,0, ,1.96899,0.468995,-0.5,-0.5,0,0,,,,,,,,,,,
0.063, ,1.06301,0.018903,1,0.3,0,0, ,1.96849,0.468495,-0.5,-0.5,0,0,,,,,,,,,,,
0.064, ,1.06401,0.019203,1,0.3,0,0, ,1.96799,0.467995,-0.5,-0.5,0,0,,,,,,,,,,,
0.065, ,1.06501,0.019503,1,0.3,0,0, ,1.96749,0.467495,-0.5,-0.5,0,0,,,,,,,,,,,
0.066, ,1.06601,0.019803,1,0.3,0,0, ,1.96699,0.466995,-0.5,-0.5,0,0,,,,,,,,,,,
0.067, ,1.06701,0.020103,1,0.3,0,0, ,1.96649,0.466495,-0.5,-0.5,0,0,,,,,,,,,,,
0.068, ,1.06801,0.020403,1,0.3,0,0, ,1.96599,0.465995,-0.5,-0.5,0,0,,,,,,,,,,,
0.069, ,1.06901,0.020703,1,0.3,0,0, ,1.96549,0.465495,-0.5,-0.5,0,0,,,,,,,,,,,
0.07, ,1.07001,0.021003,1,0.3,0,0, ,1.96499,0.464995,-0.5,-0.5,0,0,,,,,,,,,,,
0.071, ,1.07101,0.021303,1,0.3,0,0, ,1.96449,0.464495,-0.5,-0.5,0,0,,,,,,,,,,,
0.072, ,1.07201,0.021603,1,0.3,0,0, ,1.96399,0.463995,-0.5,-0.5,0,0,,,,,,,,,,,
0.073, ,1.07301,0.021903,1,0.3,0,0, ,1.96349,0.463495,-0.5,-0.5,0,0,,,,,,,,,,,
0.074, ,1.07401,0.022203,1,0.3,0,0, ,1.96299,0.462995,-0.5,-0.5,0,0,,,,,,,,,,,
0.075, ,1.07501,0.022503,1,0.3,0,0, ,1.96249,0.462495,-0.5,-0.5,0,0,,,,,,,,,,,
0.076, ,1.07601,0.022803,1,0.3,0,0, ,1.96199,0.461995,-0.5,-0.5,0,0,,,,,,,,,,,
0.077, ,1.07701,0.023103,1,0.3,0,0, ,1.96149,0.461495,-0.5,-0.5,0,0,,,,,,,,,,,
0.078, ,1.07801,0.023403,1,0.3,0,0, ,1.96099,0.460995,-0.5,-0.5,0,0,,,,,,,,,,,
0.079, ,1.07901,0.023703,1,0.3,0,0, ,1.96049,0.460495,-0.5,-0.5,0,0,,,,,,,,,,,
0.08, ,1.08001,0.024003,1,0.3,0,0, ,1.95999,0.459995,-0.5,-0.5,0,0,,,,,,,,,,,
0.081, ,1.08101,0.024303,1,0.3,0,0, ,1.95949,0.459495,-0.5,-0.5,0,0,,,,,,,,,,,
0.082, ,1.08201,0.024603,1,0.3,0,0, ,1.95899,0.458995,-0.5,-0.5,0,0,,,,,,,,,,,
0.083, ,1.08301,0.024903,1,0.3,0,0, ,1.95849,0.458495,-0.5,-0.5,0,0,,,,,,,,,,,
0.084, ,1.08401,0.025203,1,0.3,0,0, ,1.95799,0.457995,-0.5,-0.5,0,0,,,,,,,,,,,
0.085, ,1.08501,0.025503,1,0.3,0,0, ,1.95749,0.457495,-0.5,-0.5,0,0,,,,,,,,,,,
0.086, ,1.08601,0.025803,1,0.3,0,0, ,1.95699,0.456995,-0.5,-0.5,0,0,,,,,,,,,,,
0.087, ,1.08701,0.026103,1,0.3,0,0, ,1.95649,0.456495,-0.5,-0.5,0,0,,,,,,,,,,,
0.088, ,1.08801,0.026403,1,0.3,0,0, ,1.95599,0.455995,-0.5,-0.5,0,0,,,,,,,,,,,
0.089, ,1.08901,0.026703,1,0.3,0,0, ,1.95549,0.455495,-0.5,-0.5,0,0,,,,,,,,,,,
0.09, ,1.09001,0.027003,1,0.3,0,0, ,1.95499,0.454995,-0.5,-0.5,0,0,,,,,,,,,,,
0.091, ,1.09101,0.027303,1,0.3,0,0, ,1.95449,0.454495,-0.5,-0.5,0,0,,,,,,,,,,,
0.092, ,1.09201,0.027603,1,0.3,0,0, ,1.95399,0.453995,-0.5,-0.5,0,0,,,,,,,,,,,
0.093, ,1.09301,0.027903,1,0.3,0,0, ,1.95349,0.453495,-0.5,-0.5,0,0,,,,,,,,,,,
0.094, ,1.09401,0.028203,1,0.3,0,0, ,1.95299,0.452995,-0.5,-0.5,0,0,,,,,,,,,,,
0.095, ,1.09501,0.028503,1,0.3,0,0, ,1.95249,0.452495,-0.5,-0.5,0,0,,,,,,,,,,,
0.096, ,1.09601,0.028803,1,0.3,0,0, ,1.95199,0.451995,-0.5,-0.5,0,0,,,,,,,,,,,
0.097, ,1.09701,0.029103,1,0.3,0,0, ,1.95149,0.451495,-0.5,-0.5,0,0,,,,,,,,,,,
0.098, ,1.09801,0.029403,1,0.3,0,0, ,1.95099,0.450995,-0.5,-0.5,0,0,,,,,,,,,,,
0.099, ,1.09901,0.029703,1,0.3,0,0, ,1.95049,0.450495,-0.5,-0.5,0,0,,,,,,,,,,,
0.1, ,1.10001,0.030003,1,0.3,0,0, ,1.94999,0.449995,-0.5,-0.5,0,0,,,,,,,,,,,
0.101, ,1.10101,0.030303,1,0.3,0,0, ,1.94949,0.449495,-0.5,-0.5,0,0,,,,,,,,,,,
0.102, ,1.10201,0.030603,1,0.3,0,0, ,1.94899,0.448995,-0.5,-0.5,0,0,,,,,,,,,,,
0.103, ,1.10301,0.030903,1,0.3,0,0, ,1.94849,0.448495,-0.5,-0.5,0,0,,,,,,,,,,,
0.104, ,1.10401,0.031203,1,0.3,0,0, ,1.94799,0.447995,-0.5,-0.5,0,0,,,,,,,,,,,
0.105, ,1.10501,0.031503,1,0.3,0,0, ,1.94749,0.447495,-0.5,-0.5,0,0,,,,,,,,,,,
0.106, ,1.10601,0.031803,1,0.3,0,0, ,1.94699,0.446995,-0.5,-0.5,0,0,,,,,,,,,,,
0.107, ,1.10701,0.032103,1,0.3,0,0, ,1.94649,0.446495,-0.5,-0.5,0,0,,,,,,,,,,,
0.108, ,1.10801,0.032403,1,0.3,0,0, ,1.94599,0.445995,-0.5,-0.5,0,0,,,,,,,,,,,
0.109, ,1.10901,0.032703,1,0.3,0,0, ,1.94549,0.445495,-0.5,-0.5,0,0,,,,,,,,,,,
0.11, ,1.11001,0.033003,1,0.3,0,0, ,1.94499,0.444995,-0.5,-0.5,0,0,,,,,,,,,,,
0.111, ,1.11101,0.033303,1,0.3,0,0, ,1.94449,0.444495,-0.5,-0.5,0,0,,,,,,,,,,,
0.112, ,1.11201,0.033603,1,0.3,0,0, ,1.94399,0.443995,-0.5,-0.5,0,0,,,,,,,,,,,
0.113, ,1.11301,0.033903,1,0.3,0,0, ,1.94349,0.443495,-0.5,-0.5,0,0,,,,,,,,,,,
0.114, ,1.11401,0.034203,1,0.3,0,0, ,1.94299,0.442995,-0.5,-0.5,0,0,,,,,,,,,,,
0.115, ,1.11501,0.034503,1,0.3,0,0, ,1.94249,0.442495,-0.5,-0.5,0,0,,,,,,,,,,,
0.116, ,1.11601,0.034803,1,0.3,0,0, ,1.94199,0.441995,-0.5,-0.5,0,0,,,,,,,,,,,
0.117, ,1.11701,0.035103,1,0.3,0,0, ,1.94149,0.441495,-0.5,-0.5,0,0,,,,,,,,,,,
0.118, ,1.11801,0.035403,1,0.3,0,0, ,1.94099,0.440995,-0.5,-0.5,0,0,,,,,,,,,,,
0.119, ,1.11901,0.035703,1,0.3,0,0, ,1.94049,0.440495,-0.5,-0.5,0,0,,,,,,,,,,,
0.12, ,1.12001,0.036003,1,0.3,0,0, ,1.93999,0.439995,-0.5,-0.5,0,0,,,,,,,,,,,
0.121, ,1.12101,0.036303,1,0.3,0,0, ,1.93949,0.439495,-0.5,-0.5,0,0,,,,,,,,,,,
0.122, ,1.12201,0.036603,1,0.3,0,0, ,1.93899,0.438995,-0.5,-0.5,0,0,,,,,,,,,,,
0.123, ,1.12301,0.036903,1,0.3,0,0, ,1.93849,0.438495,-0.5,-0.5,0,0,,,,,,,,,,,
0.124, ,1.12401,0.037203,1,0.3,0,0, ,1.93799,0.437995,-0.5,-0.5,0,0,,,,,,,,,,,
0.125, ,1.12501,0.037503,1,0.3,0,0, ,1.93749,0.437495,-0.5,-0.5,0,0,,,,,,,,,,,
0.126, ,1.12601,0.037803,1,0.3,0,0, ,1.93699,0.436995,-0.5,-0.5,0,0,,,,,,,,,,,
0.127, ,1.12701,0.038103,1,0.3,0,0, ,1.93649,0.436495,-0.5,-0.5,0,0,,,,,,,,,,,
0.128, ,1.12801,0.038403,1,0.3,0,0, ,1.93599,0.435995,-0.5,-0.5,0,0,,,,,,,,,,,
0.129, ,1.12901,0.038703,1,0.3,0,0, ,1.93549,0.435495,-0.5,-0.5,0,0,,,,,,,,,,,
0.13, ,1.13001,0.039003,1,0.3,0,0, ,1.93499,0.434995,-0.5,-0.5,0,0,,,,,,,,,,,
0.131, ,1.13101,0.039303,1,0.3,0,0, ,1.93449,0.434495,-0.5,-0.5,0,0,,,,,,,,,,,
0.132, ,1.13201,0.039603,1,0.3,0,0, ,1.93399,0.433995,-0.5,-0.5,0,0,,,,,,,,,,,
0.133, ,1.13301,0.039903,1,0.3,0,0, ,1.93349,0.433495,-0.5,-0.5,0,0,,,,,,,,,,,
0.134, ,1.13401,0.040203,1,0.3,0,0, ,1.93299,0.432995,-0.5,-0.5,0,0,,,,,,,,,,,
0.135, ,1.13501,0.040503,1,0.3,0,0, ,1.93249,0.432495,-0.5,-0.5,0,0,,,,,,,,,,,
0.136, ,1.13601,0.040803,1,0.3,0,0, ,1.93199,0.431995,-0.5,-0.5,0,0,,,,,,,,,,,
0.137, ,1.13701,0.041103,1,0.3,0,0, ,1.93149,0.431495,-0.5,-0.5,0,0,,,,,,,,,,,
0.138, ,1.13801,0.041403,1,0.3,0,0, ,1.93099,0.430995,-0.5,-0.5,0,0,,,,,,,,,,,
0.139, ,1.13901,0.041703,1,0.3,0,0, ,1.93049,0.430495,-0.5,-0.5,0,0,,,,,,,,,,,
0.14, ,1.14001,0.042003,1,0.3,0,0, ,1.92999,0.429995,-0.5,-0.5,0,0,,,,,,,,,,,
0.141, ,1.14101,0.042303,1,0.3,0,0, ,1.92949,0.429495,-0.5,-0.5,0,0,,,,,,,,,,,
0.142, ,1.14201,0.042603,1,0.3,0,0, ,1.92899,0.428995,-0.5,-0.5,0,0,,,,,,,,,,,
0.143, ,1.14301,0.042903,1,0.3,0,0, ,1.92849,0.428495,-0.5,-0.5,0,0,,,,,,,,,,,
0.144, ,1.14401,0.043203,1,0.3,0,0, ,1.92799,0.427995,-0.5,-0.5,0,0,,,,,,,,,,,
0.145, ,1.14501,0.043503,1,0.3,0,0, ,1.92749,0.427495,-0.5,-0.5,0,0,,,,,,,,,,,
0.146, ,1.14601,0.043803,1,0.3,0,0, ,1.92699,0.426995,-0.5,-0.5,0,0,,,,,,,,,,,
0.147, ,1.14701,0.044103,1,0.3,0,0, ,1.92649,0.426495,-0.5,-0.5,0,0,,,,,,,,,,,
0.148, ,1.14801,0.044403,1,0.3,0,0, ,1.92599,0.425995,-0.5,-0.5,0,0,,,,,,,,,,,
0.149, ,1.14901,0.044703,1,0.3,0,0, ,1.92549,0.425495,-0.5,-0.5,0,0,,,,,,,,,,,
0.15, ,1.15001,0.045003,1,0.3,0,0, ,1.92499,0.424995,-0.5,-0.5,0,0,,,,,,,,,,,
0.151, ,1.15101,0.045303,1,0.3,0,0, ,1.92449,0.424495,-0.5,-0.5,0,0,,,,,,,,,,,
0.152, ,1.15201,0.045603,1,0.3,0,0, ,1.92399,0.423995,-0.5,-0.5,0,0,,,,,,,,,,,
0.153, ,1.15301,0.045903,1,0.3,0,0, ,1.92349,0.423495,-0.5,-0.5,0,0,,,,,,,,,,,
0.154, ,1.15401,0.046203,1,0.3,0,0, ,1.92299,0.422995,-0.5,-0.5,0,0,,,,,,,,,,,
0.155, ,1.15501,0.046503,1,0.3,0,0, ,1.92249,0.422495,-0.5,-0.5,0,0,,,,,,,,,,,
0.156, ,1.15601,0.046803,1,0.3,0,0, ,1.92199,0.421995,-0.5,-0.5,0,0,,,,,,,,,,,
0.157, ,1.15701,0.047103,1,0.3,0,0, ,1.92149,0.421495,-0.5,-0.5,0,0,,,,,,,,,,,
0.158, ,1.15801,0.047403,1,0.3,0,0, ,1.92099,0.420995,-0.5,-0.5,0,0,,,,,,,,,,,
0.159, ,1.15901,0.047703,1,0.3,0,0, ,1.92049,0.420495,-0.5,-0.5,0,0,,,,,,,,,,,
0.16, ,1.16001,0.048003,1,0.3,0,0, ,1.91999,0.419995,-0.5,-0.5,0,0,,,,,,,,,,,
0.161, ,1.16101,0.048303,1,0.3,0,0, ,1.91949,0.419495,-0.5,-0.5,0,0,,,,,,,,,,,
0.162, ,1.16201,0.048603,1,0.3,0,0, ,1.91899,0.418995,-0.5,-0.5,0,0,,,,,,,,,,,
0.163, ,1.16301,0.048903,1,0.3,0,0, ,1.91849,0.418495,-0.5,-0.5,0,0,,,,,,,,,,,
0.164, ,1.16401,0.049203,1,0.3,0,0, ,1.91799,0.417995,-0.5,-0.5,0,0,,,,,,,,,,,
0.165, ,1.16501,0.049503,1,0.3,0,0, ,1.91749,0.417495,-0.5,-0.5,0,0,,,,,,,,,,,
0.166, ,1.16601,0.049803,1,0.3,0,0, ,1.91699,0.416995,-0.5,-0.5,0,0,,,,,,,,,,,
0.167, ,1.16701,0.050103,1,0.3,0,0, ,1.91649,0.416495,-0.5,-0.5,0,0,,,,,,,,,,,
0.168, ,1.16801,0.050403,1,0.3,0,0, ,1.91599,0.415995,-0.5,-0.5,0,0,,,,,,,,,,,
0.169, ,1.16901,0.050703,1,0.3,0,0, ,1.91549,0.415495,-0.5,-0.5,0,0,,,,,,,,,,,
0.17, ,1.17001,0.051003,1,0.3,0,0, ,1.91499,0.414995,-0.5,-0.5,0,0,,,,,,,,,,,
0.171, ,1.17101,0.051303,1,0.3,0,0, ,1.91449,0.414495,-0.5,-0.5,0,0,,,,,,,,,,,
0.172, ,1.17201,0.051603,1,0.3,0,0, ,1.91399,0.413995,-0.5,-0.5,0,0,,,,,,,,,,,
0.173, ,1.17301,0.051903,1,0.3,0,0, ,1.91349,0.413495,-0.5,-0.5,0,0,,,,,,,,,,,
0.174, ,1.17401,0.052203,1,0.3,0,0, ,1.91299,0.412995,-0.5,-0.5,0,0,,,,,,,,,,,
0.175, ,1.17501,0.052503,1,0.3,0,0, ,1.91249,0.412495,-0.5,-0.5,0,0,,,,,,,,,,,
0.176, ,1.17601,0.052803,1,0.3,0,0, ,1.91199,0.411995,-0.5,-0.5,0,0,,,,,,,,,,,
0.177, ,1.17701,0.053103,1,0.3,0,0, ,1.91149,0.411495,-0.5,-0.5,0,0,,,,,,,,,,,
0.178, ,1.17801,0.053403,1,0.3,0,0, ,1.91099,0.410995,-0.5,-0.5,0,0,,,,,,,,,,,
0.179, ,1.17901,0.053703,1,0.3,0,0, ,1.91049,0.410495,-0.5,-0.5,0,0,,,,,,,,,,,
0.18, ,1.18001,0.054003,1,0.3,0,0, ,1.90999,0.409995,-0.5,-0.5,0,0,,,,,,,,,,,
0.181, ,1.18101,0.054303,1,0.3,0,0, ,1.90949,0.409495,-0.5,-0.5,0,0,,,,,,,,,,,
0.182, ,1.18201,0.054603,1,0.3,0,0, ,1.90899,0.408995,-0.5,-0.5,0,0,,,,,,,,,,,
0.183, ,1.18301,0.054903,1,0.3,0,0, ,1.90849,0.408495,-0.5,-0.5,0,0,,,,,,,,,,,
0.184, ,1.18401,0.055203,1,0.3,0,0, ,1.90799,0.407995,-0.5,-0.5,0,0,,,,,,,,,,,
0.185, ,1.18501,0.055503,1,0.3,0,0, ,1.90749,0.407495,-0.5,-0.5,0,0,,,,,,,,,,,
0.186, ,1.18601,0.055803,1,0.3,0,0, ,1.90699,0.406995,-0.5,-0.5,0,0,,,,,,,,,,,
0.187, ,1.18701,0.056103,1,0.3,0,0, ,1.90649,0.406495,-0.5,-0.5,0,0,,,,,,,,,,,
0.188, ,1.18801,0.056403,1,0.3,0,0, ,1.90599,0.405995,-0.5,-0.5,0,0,,,,,,,,,,,
0.189, ,1.18901,0.056703,1,0.3,0,0, ,1.90549,0.405495,-0.5,-0.5,0,0,,,,,,,,,,,
0.19, ,1.19001,0.057003,1,0.3,0,0, ,1.90499,0.404995,-0.5,-0.5,0,0,,,,,,,,,,,
0.191, ,1.19101,0.057303,1,0.3,0,0, ,1.90449,0.404495,-0.5,-0.5,0,0,,,,,,,,,,,
0.192, ,1.19201,0.057603,1,0.3,0,0, ,1.90399,0.403995,-0.5,-0.5,0,0,,,,,,,,,,,
0.193, ,1.19301,0.057903,1,0.3,0,0, ,1.90349,0.403495,-0.5,-0.5,0,0,,,,,,,,,,,
0.194, ,1.19401,0.058203,1,0.3,0,0, ,1.90299,0.402995,-0.5,-0.5,0,0,,,,,,,,,,,
0.195, ,1.19501,0.058503,1,0.3,0,0, ,1.90249,0.402495,-0.5,-0.5,0,0,,,,,,,,,,,
0.196, ,1.19601,0.058803,1,0.3,0,0, ,1.90199,0.401995,-0.5,-0.5,0,0,,,,,,,,,,,
0.197, ,1.19701,0.059103,1,0.3,0,0, ,1.90149,0.401495,-0.5,-0.5,0,0,,,,,,,,,,,
0.198, ,1.19801,0.059403,1,0.3,0,0, ,1.90099,0.400995,-0.5,-0.5,0,0,,,,,,,,,,,
0.199, ,1.19901,0.059703,1,0.3,0,0, ,1.90049,0.400495,-0.5,-0.5,0,0,,,,,,,,,,,
0.2, ,1.20001,0.060003,1,0.3,0,0, ,1.89999,0.399995,-0.5,-0.5,0,0,,,,,,,,,,,
0.201, ,1.20101,0.060303,1,0.3,0,0, ,1.89949,0.399495,-0.5,-0.5,0,0,,,,,,,,,,,
0.202, ,1.20201,0.060603,1,0.3,0,0, ,1.89899,0.398995,-0.5,-0.5,0,0,,,,,,,,,,,
0.203, ,1.20301,0.060903,1,0.3,0,0, ,1.89849,0.398495,-0.5,-0.5,0,0,,,,,,,,,,,
0.204, ,1.20401,0.061203,1,0.3,0,0, ,1.89799,0.397995,-0.5,-0.5,0,0,,,,,,,,,,,
0.205, ,1.20501,0.061503,1,0.3,0,0, ,1.89749,0.397495,-0.5,-0.5,0,0,,,,,,,,,,,
0.206, ,1.20601,0.061803,1,0.3,0,0, ,1.89699,0.396995,-0.5,-0.5,0,0,,,,,,,,,,,
0.207, ,1.20701,0.062103,1,0.3,0,0, ,1.89649,0.396495,-0.5,-0.5,0,0,,,,,,,,,,,
0.208, ,1.20801,0.062403,1,0.3,0,0, ,1.89599,0.395995,-0.5,-0.5,0,0,,,,,,,,,,,
0.209, ,1.20901,0.062703,1,0.3,0,0, ,1.89549,0.395495,-0.5,-0.5,0,0,,,,,,,,,,,
0.21, ,1.21001,0.063003,1,0.3,0,0, ,1.89499,0.394995,-0.5,-0.5,0,0,,,,,,,,,,,
0.211, ,1.21101,0.063303,1,0.3,0,0, ,1.89449,0.394495,-0.5,-0.5,0,0,,,,,,,,,,,
0.212, ,1.21201,0.063603,1,0.3,0,0, ,1.89399,0.393995,-0.5,-0.5,0,0,,,,,,,,,,,
0.213, ,1.21301,0.063903,1,0.3,0,0, ,1.89349,0.393495,-0.5,-0.5,0,0,,,,,,,,,,,
0.214, ,1.21401,0.064203,1,0.3,0,0, ,1.89299,0.392995,-0.5,-0.5,0,0,,,,,,,,,,,
0.215, ,1.21501,0.064503,1,0.3,0,0, ,1.89249,0.392495,-0.5,-0.5,0,0,,,,,,,,,,,
0.216, ,1.21601,0.064803,1,0.3,0,0, ,1.89199,0.391995,-0.5,-0.5,0,0,,,,,,,,,,,
0.217, ,1.21701,0.065103,1,0.3,0,0, ,1.89149,0.391495,-0.5,-0.5,0,0,,,,,,,,,,,
0.218, ,1.21801,0.065403,1,0.3,0,0, ,1.89099,0.390995,-0.5,-0.5,0,0,,,,,,,,,,,
0.219, ,1.21901,0.065703,1,0.3,0,0, ,1.89049,0.390495,-0.5,-0.5,0,0,,,,,,,,,,,
0.22, ,1.22001,0.066003,1,0.3,0,0, ,1.88999,0.389995,-0.5,-0.5,0,0,,,,,,,,,,,
0.221, ,1.22101,0.066303,1,0.3,0,0, ,1.88949,0.389495,-0.5,-0.5,0,0,,,,,,,,,,,
0.222, ,1.22201,0.066603,1,0.3,0,0, ,1.88899,0.388995,-0.5,-0.5,0,0,,,,,,,,,,,
0.223, ,1.22301,0.066903,1,0.3,0,0, ,1.88849,0.388495,-0.5,-0.5,0,0,,,,,,,,,,,
0.224, ,1.22401,0.067203,1,0.3,0,0, ,1.88799,0.387995,-0.5,-0.5,0,0,,,,,,,,,,,
0.225, ,1.22501,0.067503,1,0.3,0,0, ,1.88749,0.387495,-0.5,-0.5,0,0,,,,,,,,,,,
0.226, ,1.22601,0.067803,1,0.3,0,0, ,1.88699,0.386995,-0.5,-0.5,0,0,,,,,,,,,,,
0.227, ,1.22701,0.068103,1,0.3,0,0, ,1.88649,0.386495,-0.5,-0.5,0,0,,,,,,,,,,,
0.228, ,1.22801,0.068403,1,0.3,0,0, ,1.88599,0.385995,-0.5,-0.5,0,0,,,,,,,,,,,
0.229, ,1.22901,0.068703,1,0.3,0,0, ,1.88549,0.385495,-0.5,-0.5,0,0,,,,,,,,,,,
0.23, ,1.23001,0.069003,1,0.3,0,0, ,1.88499,0.384995,-0.5,-0.5,0,0,,,,,,,,,,,
0.231, ,1.23101,0.069303,1,0.3,0,0, ,1.88449,0.384495,-0.5,-0.5,0,0,,,,,,,,,,,
0.232, ,1.23201,0.069603,1,0.3,0,0, ,1.88399,0.383995,-0.5,-0.5,0,0,,,,,,,,,,,
0.233, ,1.23301,0.069903,1,0.3,0,0, ,1.88349,0.383495,-0.5,-0.5,0,0,,,,,,,,,,,
0.234, ,1.23401,0.070203,1,0.3,0,0, ,1.88299,0.382995,-0.5,-0.5,0,0,,,,,,,,,,,
0.235, ,1.23501,0.070503,1,0.3,0,0, ,1.88249,0.382495,-0.5,-0.5,0,0,,,,,,,,,,,
0.236, ,1.23601,0.070803,1,0.3,0,0, ,1.88199,0.381995,-0.5,-0.5,0,0,,,,,,,,,,,
0.237, ,1.23701,0.071103,1,0.3,0,0, ,1.88149,0.381495,-0.5,-0.5,0,0,,,,,,,,,,,
0.238, ,1.23801,0.071403,1,0.3,0,0, ,1.88099,0.380995,-0.5,-0.5,0,0,,,,,,,,,,,
0.239, ,1.23901,0.071703,1,0.3,0,0, ,1.88049,0.380495,-0.5,-0.5,0,0,,,,,,,,,,,
0.24, ,1.24001,0.072003,1,0.3,0,0, ,1.87999,0.379995,-0.5,-0.5,0,0,,,,,,,,,,,
0.241, ,1.24101,0.072303,1,0.3,0,0, ,1.87949,0.379495,-0.5,-0.5,0,0,,,,,,,,,,,
0.242, ,1.24201,0.072603,1,0.3,0,0, ,1.87899,0.378995,-0.5,-0.5,0,0,,,,,,,,,,,
0.243, ,1.24301,0.072903,1,0.3,0,0, ,1.87849,0.378495,-0.5,-0.5,0,0,,,,,,,,,,,
0.244, ,1.24401,0.073203,1,0.3,0,0, ,1.87799,0.377995,-0.5,-0.5,0,0,,,,,,,,,,,
0.245, ,1.24501,0.073503,1,0.3,0,0, ,1.87749,0.377495,-0.5,-0.5,0,0,,,,,,,,,,,
0.246, ,1.24601,0.073803,1,0.3,0,0, ,1.87699,0.376995,-0.5,-0.5,0,0,,,,,,,,,,,
0.247, ,1.24701,0.074103,1,0.3,0,0, ,1.87649,0.376495,-0.5,-0.5,0,0,,,,,,,,,,,
0.248, ,1.24801,0.074403,1,0.3,0,0, ,1.87599,0.375995,-0.5,-0.5,0,0,,,,,,,,,,,
0.249, ,1.24901,0.074703,1,0.3,0,0, ,1.87549,0.375495,-0.5,-0.5,0,0,,,,,,,,,,,
0.25, ,1.25001,0.075003,1,0.3,0,0, ,1.87499,0.374995,-0.5,-0.5,0,0,,,,,,,,,,,
0.251, ,1.25101,0.075303,1,0.3,0,0, ,1.87449,0.374495,-0.5,-0.5,0,0,,,,,,,,,,,
0.252, ,1.25201,0.075603,1,0.3,0,0, ,1.87399,0.373995,-0.5,-0.5,0,0,,,,,,,,,,,
0.253, ,1.25301,0.075903,1,0.3,0,0, ,1.87349,0.373495,-0.5,-0.5,0,0,,,,,,,,,,,
0.254, ,1.25401,0.076203,1,0.3,0,0, ,1.87299,0.372995,-0.5,-0.5,0,0,,,,,,,,,,,
0.255, ,1.25501,0.076503,1,0.3,0,0, ,1.87249,0.372495,-0.5,-0.5,0,0,,,,,,,,,,,
0.256, ,1.25601,0.076803,1,0.3,0,0, ,1.87199,0.371995,-0.5,-0.5,0,0,,,,,,,,,,,
0.257, ,1.25701,0.077103,1,0.3,0,0, ,1.87149,0.371495,-0.5,-0.5,0,0,,,,,,,,,,,
0.258, ,1.25801,0.077403,1,0.3,0,0, ,1.87099,0.370995,-0.5,-0.5,0,0,,,,,,,,,,,
0.259, ,1.25901,0.077703,1,0.3,0,0, ,1.87049,0.370495,-0.5,-0.5,0,0,,,,,,,,,,,
0.26, ,1.26001,0.078003,1,0.3,0,0, ,1.86999,0.369995,-0.5,-0.5,0,0,,,,,,,,,,,
0.261, ,1.26101,0.078303,1,0.3,0,0, ,1.86949,0.369495,-0.5,-0.5,0,0,,,,,,,,,,,
0.262, ,1.26201,0.078603,1,0.3,0,0, ,1.86899,0.368995,-0.5,-0.5,0,0,,,,,,,,,,,
0.263, ,1.26301,0.078903,1,0.3,0,0, ,1.86849,0.368495,-0.5,-0.5,0,0,,,,,,,,,,,
0.264, ,1.26401,0.079203,1,0.3,0,0, ,1.86799,0.367995,-0.5,-0.5,0,0,,,,,,,,,,,
0.265, ,1.26501,0.079503,1,0.3,0,0, ,1.86749,0.367495,-0.5,-0.5,0,0,,,,,,,,,,,
0.266, ,1.26601,0.079803,1,0.3,0,0, ,1.86699,0.366995,-0.5,-0.5,0,0,,,,,,,,,,,
0.267, ,1.26701,0.080103,1,0.3,0,0, ,1.86649,0.366495,-0.5,-0.5,0,0,,,,,,,,,,,
0.268, ,1.26801,0.080403,1,0.3,0,0, ,1.86599,0.365995,-0.5,-0.5,0,0,,,,,,,,,,,
0.269, ,1.26901,0.080703,1,0.3,0,0, ,1.86549,0.365495,-0.5,-0.5,0,0,,,,,,,,,,,
0.27, ,1.27001,0.081003,1,0.3,0,0, ,1.86499,0.364995,-0.5,-0.5,0,0,,,,,,,,,,,
0.271, ,1.27101,0.081303,1,0.3,0,0, ,1.86449,0.364495,-0.5,-0.5,0,0,,,,,,,,,,,
0.272, ,1.27201,0.081603,1,0.3,0,0, ,1.86399,0.363995,-0.5,-0.5,0,0,,,,,,,,,,,
0.273, ,1.27301,0.081903,1,0.3,0,0, ,1.86349,0.363495,-0.5,-0.5,0,0,,,,,,,,,,,
0.274, ,1.27401,0.082203,1,0.3,0,0, ,1.86299,0.362995,-0.5,-0.5,0,0,,,,,,,,,,,
0.275, ,1.27501,0.082503,1,0.3,0,0, ,1.86249,0.362495,-0.5,-0.5,0,0,,,,,,,,,,,
0.276, ,1.27601,0.082803,1,0.3,0,0, ,1.86199,0.361995,-0.5,-0.5,0,0,,,,,,,,,,,
0.277, ,1.27701,0.083103,1,0.3,0,0, ,1.86149,0.361495,-0.5,-0.5,0,0,,,,,,,,,,,
0.278, ,1.27801,0.083403,1,0.3,0,0, ,1.86099,0.360995,-0.5,-0.5,0,0,,,,,,,,,,,
0.279, ,1.27901,0.083703,1,0.3,0,0, ,1.86049,0.360495,-0.5,-0.5,0,0,,,,,,,,,,,
0.28, ,1.28001,0.084003,1,0.3,0,0, ,1.85999,0.359995,-0.5,-0.5,0,0,,,,,,,,,,,
0.281, ,1.28101,0.084303,1,0.3,0,0, ,1.85949,0.359495,-0.5,-0.5,0,0,,,,,,,,,,,
0.282, ,1.28201,0.084603,1,0.3,0,0, ,1.85899,0.358995,-0.5,-0.5,0,0,,,,,,,,,,,
0.283, ,1.28301,0.084903,1,0.3,0,0, ,1.85849,0.358495,-0.5,-0.5,0,0,,,,,,,,,,,
0.284, ,1.28401,0.085203,1,0.3,0,0, ,1.85799,0.357995,-0.5,-0.5,0,0,,,,,,,,,,,
0.285, ,1.28501,0.085503,1,0.3,0,0, ,1.85749,0.357495,-0.5,-0.5,0,0,,,,,,,,,,,
0.286, ,1.28601,0.085803,1,0.3,0,0, ,1.85699,0.356995,-0.5,-0.5,0,0,,,,,,,,,,,
0.287, ,1.28701,0.086103,1,0.3,0,0, ,1.85649,0.356495,-0.5,-0.5,0,0,,,,,,,,,,,
0.288, ,1.28801,0.086403,1,0.3,0,0, ,1.85599,0.355995,-0.5,-0.5,0,0,,,,,,,,,,,
0.289, ,1.28901,0.086703,1,0.3,0,0, ,1.85549,0.355495,-0.5,-0.5,0,0,,,,,,,,,,,
0.29, ,1.29001,0.087003,1,0.3,0,0, ,1.85499,0.354995,-0.5,-0.5,0,0,,,,,,,,,,,
0.291, ,1.29101,0.087303,1,0.3,0,0, ,1.85449,0.354495,-0.5,-0.5,0,0,,,,,,,,,,,
0.292, ,1.29201,0.087603,1,0.3,0,0, ,1.85399,0.353995,-0.5,-0.5,0,0,,,,,,,,,,,
0.293, ,1.29301,0.087903,1,0.3,0,0, ,1.85349,0.353495,-0.5,-0.5,0,0,,,,,,,,,,,
0.294, ,1.29401,0.088203,1,0.3,0,0, ,1.85299,0.352995,-0.5,-0.5,0,0,,,,,,,,,,,
0.295, ,1.29501,0.088503,1,0.3,0,0, ,1.85249,0.352495,-0.5,-0.5,0,0,,,,,,,,,,,
0.296, ,1.29601,0.088803,1,0.3,0,0, ,1.85199,0.351995,-0.5,-0.5,0,0,,,,,,,,,,,
0.297, ,1.29701,0.089103,1,0.3,0,0, ,1.85149,0.351495,-0.5,-0.5,0,0,,,,,,,,,,,
0.298, ,1.29801,0.089403,1,0.3,0,0, ,1.85099,0.350995,-0.5,-0.5,0,0,,,,,,,,,,,
0.299, ,1.29901,0.089703,1,0.3,0,0, ,1.85049,0.350495,-0.5,-0.5,0,0,,,,,,,,,,,
0.3, ,1.30001,0.090003,1,0.3,0,0, ,1.84999,0.349995,-0.5,-0.5,0,0,,,,,,,,,,,
0.301, ,1.30101,0.090303,1,0.3,0,0, ,1.84949,0.349495,-0.5,-0.5,0,0,,,,,,,,,,,
0.302, ,1.30201,0.090603,1,0.3,0,0, ,1.84899,0.348995,-0.5,-0.5,0,0,,,,,,,,,,,
0.303, ,1.30301,0.090903,1,0.3,0,0, ,1.84849,0.348495,-0.5,-0.5,0,0,,,,,,,,,,,
0.304, ,1.30401,0.091203,1,0.3,0,0, ,1.84799,0.347995,-0.5,-0.5,0,0,,,,,,,,,,,
0.305, ,1.30501,0.091503,1,0.3,0,0, ,1.84749,0.347495,-0.5,-0.5,0,0,,,,,,,,,,,
0.306, ,1.30601,0.091803,1,0.3,0,0, ,1.84699,0.346995,-0.5,-0.5,0,0,,,,,,,,,,,
0.307, ,1.30701,0.092103,1,0.3,0,0, ,1.84649,0.346495,-0.5,-0.5,0,0,,,,,,,,,,,
0.308, ,1.30801,0.092403,1,0.3,0,0, ,1.84599,0.345995,-0.5,-0.5,0,0,,,,,,,,,,,
0.309, ,1.30901,0.092703,1,0.3,0,0, ,1.84549,0.345495,-0.5,-0.5,0,0,,,,,,,,,,,
0.31, ,1.31001,0.093003,1,0.3,0,0, ,1.84499,0.344995,-0.5,-0.5,0,0,,,,,,,,,,,
0.311, ,1.31101,0.093303,1,0.3,0,0, ,1.84449,0.344495,-0.5,-0.5,0,0,,,,,,,,,,,
0.312, ,1.31201,0.093603,1,0.3,0,0, ,1.84399,0.343995,-0.5,-0.5,0,0,,,,,,,,,,,
0.313, ,1.31301,0.093903,1,0.3,0,0, ,1.84349,0.343495,-0.5,-0.5,0,0,,,,,,,,,,,
0.314, ,1.31401,0.094203,1,0.3,0,0, ,1.84299,0.342995,-0.5,-0.5,0,0,,,,,,,,,,,
0.315, ,1.31501,0.094503,1,0.3,0,0, ,1.84249,0.342495,-0.5,-0.5,0,0,,,,,,,,,,,
0.316, ,1.31601,0.094803,1,0.3,0,0, ,1.84199,0.341995,-0.5,-0.5,0,0,,,,,,,,,,,
0.317, ,1.31701,0.095103,1,0.3,0,0, ,1.84149,0.341495,-0.5,-0.5,0,0,,,,,,,,,,,
0.318, ,1.31801,0.095403,1,0.3,0,0, ,1.84099,0.340995,-0.5,-0.5,0,0,,,,,,,,,,,
0.319, ,1.31901,0.095703,1,0.3,0,0, ,1.84049,0.340495,-0.5,-0.5,0,0,,,,,,,,,,,
0.32, ,1.32001,0.096003,1,0.3,0,0, ,1.83999,0.339995,-0.5,-0.5,0,0,,,,,,,,,,,
0.321, ,1.32101,0.096303,1,0.3,0,0, ,1.83949,0.339495,-0.5,-0.5,0,0,,,,,,,,,,,
0.322, ,1.32201,0.096603,1,0.3,0,0, ,1.83899,0.338995,-0.5,-0.5,0,0,,,,,,,,,,,
0.323, ,1.32301,0.096903,1,0.3,0,0, ,1.83849,0.338495,-0.5,-0.5,0,0,,,,,,,,,,,
0.324, ,1.32401,0.097203,1,0.3,0,0, ,1.83799,0.337995,-0.5,-0.5,0,0,,,,,,,,,,,
0.325, ,1.32501,0.097503,1,0.3,0,0, ,1.83749,0.337495,-0.5,-0.5,0,0,,,,,,,,,,,
0.326, ,1.32601,0.097803,1,0.3,0,0, ,1.83699,0.336995,-0.5,-0.5,0,0,,,,,,,,,,,
0.327, ,1.32701,0.098103,1,0.3,0,0, ,1.83649,0.336495,-0.5,-0.5,0,0,,,,,,,,,,,
0.328, ,1.32801,0.098403,1,0.3,0,0, ,1.83599,0.335995,-0.5,-0.5,0,0,,,,,,,,,,,
0.329, ,1.32901,0.098703,1,0.3,0,0, ,1.83549,0.335495,-0.5,-0.5,0,0,,,,,,,,,,,
0.33, ,1.33001,0.099003,1,0.3,0,0, ,1.83499,0.334995,-0.5,-0.5,0,0,,,,,,,,,,,
0.331, ,1.33101,0.099303,1,0.3,0,0, ,1.83449,0.334495,-0.5,-0.5,0,0,,,,,,,,,,,
0.332, ,1.33201,0.099603,1,0.3,0,0, ,1.83399,0.333995,-0.5,-0.5,0,0,,,,,,,,,,,
0.333, ,1.33301,0.099903,1,0.3,0,0, ,1.83349,0.333495,-0.5,-0.5,0,0,,,,,,,,,,,
0.334, ,1.33401,0.100203,1,0.3,0,0, ,1.83299,0.332995,-0.5,-0.5,0,0,,,,,,,,,,,
0.335, ,1.33501,0.100503,1,0.3,0,0, ,1.83249,0.332495,-0.5,-0.5,0,0,,,,,,,,,,,
0.336, ,1.33601,0.100803,1,0.3,0,0, ,1.83199,0.331995,-0.5,-0.5,0,0,,,,,,,,,,,
0.337, ,1.33701,0.101103,1,0.3,0,0, ,1.83149,0.331495,-0.5,-0.5,0,0,,,,,,,,,,,
0.338, ,1.33801,0.101403,1,0.3,0,0, ,1.83099,0.330995,-0.5,-0.5,0,0,,,,,,,,,,,
0.339, ,1.33901,0.101703,1,0.3,0,0, ,1.83049,0.330495,-0.5,-0.5,0,0,,,,,,,,,,,
0.34, ,1.34001,0.102003,1,0.3,0,0, ,1.82999,0.329995,-0.5,-0.5,0,0,,,,,,,,,,,
0.341, ,1.34101,0.102303,1,0.3,0,0, ,1.82949,0.329495,-0.5,-0.5,0,0,,,,,,,,,,,
0.342, ,1.34201,0.102603,1,0.3,0,0, ,1.82899,0.328995,-0.5,-0.5,0,0,,,,,,,,,,,
0.343, ,1.34301,0.102903,1,0.3,0,0, ,1.82849,0.328495,-0.5,-0.5,0,0,,,,,,,,,,,
0.344, ,1.34401,0.103203,1,0.3,0,0, ,1.82799,0.327995,-0.5,-0.5,0,0,,,,,,,,,,,
0.345, ,1.34501,0.103503,1,0.3,0,0, ,1.82749,0.327495,-0.5,-0.5,0,0,,,,,,,,,,,
0.346, ,1.34601,0.103803,1,0.3,0,0, ,1.82699,0.326995,-0.5,-0.5,0,0,,,,,,,,,,,
0.347, ,1.34701,0.104103,1,0.3,0,0, ,1.82649,0.326495,-0.5,-0.5,0,0,,,,,,,,,,,
0.348, ,1.34801,0.104403,1,0.3,0,0, ,1.82599,0.325995,-0.5,-0.5,0,0,,,,,,,,,,,
0.349, ,1.34901,0.104703,1,0.3,0,0, ,1.82549,0.325495,-0.5,-0.5,0,0,,,,,,,,,,,
0.35, ,1.35001,0.105003,1,0.3,0,0, ,1.82499,0.324995,-0.5,-0.5,0,0,,,,,,,,,,,
0.351, ,1.35101,0.105303,1,0.3,0,0, ,1.82449,0.324495,-0.5,-0.5,0,0,,,,,,,,,,,
0.352, ,1.35201,0.105603,1,0.3,0,0, ,1.82399,0.323995,-0.5,-0.5,0,0,,,,,,,,,,,
0.353, ,1.35301,0.105903,1,0.3,0,0, ,1.82349,0.323495,-0.5,-0.5,0,0,,,,,,,,,,,
0.354, ,1.35401,0.106203,1,0.3,0,0, ,1.82299,0.322995,-0.5,-0.5,0,0,,,,,,,,,,,
0.355, ,1.35501,0.106503,1,0.3,0,0, ,1.82249,0.322495,-0.5,-0.5,0,0,,,,,,,,,,,
0.356, ,1.35601,0.106803,1,0.3,0,0, ,1.82199,0.321995,-0.5,-0.5,0,0,,,,,,,,,,,
0.357, ,1.35701,0.107103,1,0.3,0,0, ,1.82149,0.321495,-0.5,-0.5,0,0,,,,,,,,,,,
0.358, ,1.35801,0.107403,1,0.3,0,0, ,1.82099,0.320995,-0.5,-0.5,0,0,,,,,,,,,,,
0.359, ,1.35901,0.107703,1,0.3,0,0, ,1.82049,0.320495,-0.5,-0.5,0,0,,,,,,,,,,,
0.36, ,1.36001,0.108003,1,0.3,0,0, ,1.81999,0.319995,-0.5,-0.5,0,0,,,,,,,,,,,
0.361, ,1.36101,0.108303,1,0.3,0,0, ,1.81949,0.319495,-0.5,-0.5,0,0,,,,,,,,,,,
0.362, ,1.36201,0.108603,1,0.3,0,0, ,1.81899,0.318995,-0.5,-0.5,0,0,,,,,,,,,,,
0.363, ,1.36301,0.108903,1,0.3,0,0, ,1.81849,0.318495,-0.5,-0.5,0,0,,,,,,,,,,,
0.364, ,1.36401,0.109203,1,0.3,0,0, ,1.81799,0.317995,-0.5,-0.5,0,0,,,,,,,,,,,
0.365, ,1.36501,0.109503,1,0.3,0,0, ,1.81749,0.317495,-0.5,-0.5,0,0,,,,,,,,,,,
0.366, ,1.36601,0.109803,1,0.3,0,0, ,1.81699,0.316995,-0.5,-0.5,0,0,,,,,,,,,,,
0.367, ,1.36701,0.110103,1,0.3,0,0, ,1.81649,0.316495,-0.5,-0.5,0,0,,,,,,,,,,,
0.368, ,1.36801,0.110403,1,0.3,0,0, ,1.81599,0.315995,-0.5,-0.5,0,0,,,,,,,,,,,
0.369, ,1.36901,0.110703,1,0.3,0,0, ,1.81549,0.315495,-0.5,-0.5,0,0,,,,,,,,,,,
0.37, ,1.37001,0.111003,1,0.3,0,0, ,1.81499,0.314995,-0.5,-0.5,0,0,,,,,,,,,,,
0.371, ,1.37101,0.111303,1,0.3,0,0, ,1.81449,0.314495,-0.5,-0.5,0,0,,,,,,,,,,,
0.372, ,1.37201,0.111603,1,0.3,0,0, ,1.81399,0.313995,-0.5,-0.5,0,0,,,,,,,,,,,
0.373, ,1.37301,0.111903,1,0.3,0,0, ,1.81349,0.313495,-0.5,-0.5,0,0,,,,,,,,,,,
0.374, ,1.37401,0.112203,1,0.3,0,0, ,1.81299,0.312995,-0.5,-0.5,0,0,,,,,,,,,,,
0.375, ,1.37501,0.112503,1,0.3,0,0, ,1.81249,0.312495,-0.5,-0.5,0,0,,,,,,,,,,,
0.376, ,1.37601,0.112803,1,0.3,0,0, ,1.81199,0.311995,-0.5,-0.5,0,0,,,,,,,,,,,
0.377, ,1.37701,0.113103,1,0.3,0,0, ,1.81149,0.311495,-0.5,-0.5,0,0,,,,,,,,,,,
0.378, ,1.37801,0.113403,1,0.3,0,0, ,1.81099,0.310995,-0.5,-0.5,0,0,,,,,,,,,,,
0.379, ,1.37901,0.113703,1,0.3,0,0, ,1.81049,0.310495,-0.5,-0.5,0,0,,,,,,,,,,,
0.38, ,1.38001,0.114003,1,0.3,0,0, ,1.80999,0.309995,-0.5,-0.5,0,0,,,,,,,,,,,
0.381, ,1.38101,0.114303,1,0.3,0,0, ,1.80949,0.309495,-0.5,-0.5,0,0,,,,,,,,,,,
0.382, ,1.38201,0.114603,1,0.3,0,0, ,1.80899,0.308995,-0.5,-0.5,0,0,,,,,,,,,,,
0.383, ,1.38301,0.114903,1,0.3,0,0, ,1.80849,0.308495,-0.5,-0.5,0,0,,,,,,,,,,,
0.384, ,1.38401,0.115203,1,0.3,0,0, ,1.80799,0.307995,-0.5,-0.5,0,0,,,,,,,,,,,
0.385, ,1.38501,0.115503,1,0.3,0,0, ,1.80749,0.307495,-0.5,-0.5,0,0,,,,,,,,,,,
0.386, ,1.38601,0.115803,1,0.3,0,0, ,1.80699,0.306995,-0.5,-0.5,0,0,,,,,,,,,,,
0.387, ,1.38701,0.116103,1,0.3,0,0, ,1.80649,0.306495,-0.5,-0.5,0,0,,,,,,,,,,,
0.388, ,1.38801,0.116403,1,0.3,0,0, ,1.80599,0.305995,-0.5,-0.5,0,0,,,,,,,,,,,
0.389, ,1.38901,0.116703,1,0.3,0,0, ,1.80549,0.305495,-0.5,-0.5,0,0,,,,,,,,,,,
0.39, ,1.39001,0.117003,1,0.3,0,0, ,1.80499,0.304995,-0.5,-0.5,0,0,,,,,,,,,,,
0.391, ,1.39101,0.117303,1,0.3,0,0, ,1.80449,0.304495,-0.5,-0.5,0,0,,,,,,,,,,,
0.392, ,1.39201,0.117603,1,0.3,0,0, ,1.80399,0.303995,-0.5,-0.5,0,0,,,,,,,,,,,
0.393, ,1.39301,0.117903,1,0.3,0,0, ,1.80349,0.303495,-0.5,-0.5,0,0,,,,,,,,,,,
0.394, ,1.39401,0.118203,1,0.3,0,0, ,1.80299,0.302995,-0.5,-0.5,0,0,,,,,,,,,,,
0.395, ,1.39501,0.118503,1,0.3,0,0, ,1.80249,0.302495,-0.5,-0.5,0,0,,,,,,,,,,,
0.396, ,1.39601,0.118803,1,0.3,0,0, ,1.80199,0.301995,-0.5,-0.5,0,0,,,,,,,,,,,
0.397, ,1.39701,0.119103,1,0.3,0,0, ,1.80149,0.301495,-0.5,-0.5,0,0,,,,,,,,,,,
0.398, ,1.39801,0.119403,1,0.3,0,0, ,1.80099,0.300995,-0.5,-0.5,0,0,,,,,,,,,,,
0.399, ,1.39901,0.119703,1,0.3,0,0, ,1.80049,0.300495,-0.5,-0.5,0,0,,,,,,,,,,,
0.4, ,1.40001,0.120003,1,0.3,0,0, ,1.79999,0.299995,-0.5,-0.5,0,0,,,,,,,,,,,
0.401, ,1.40101,0.120303,1,0.3,0,0, ,1.79949,0.299495,-0.5,-0.5,0,0,,,,,,,,,,,
0.402, ,1.40201,0.120603,1,0.3,0,0, ,1.79899,0.298995,-0.5,-0.5,0,0,,,,,,,,,,,
0.403, ,1.40301,0.120903,1,0.3,0,0, ,1.79849,0.298495,-0.5,-0.5,0,0,,,,,,,,,,,
0.404, ,1.40401,0.121203,1,0.3,0,0, ,1.79799,0.297995,-0.5,-0.5,0,0,,,,,,,,,,,
0.405, ,1.40501,0.121503,1,0.3,0,0, ,1.79749,0.297495,-0.5,-0.5,0,0,,,,,,,,,,,
0.406, ,1.40601,0.121803,1,0.3,0,0, ,1.79699,0.296995,-0.5,-0.5,0,0,,,,,,,,,,,
0.407, ,1.40701,0.122103,1,0.3,0,0, ,1.79649,0.296495,-0.5,-0.5,0,0,,,,,,,,,,,
0.408, ,1.40801,0.122403,1,0.3,0,0, ,1.79599,0.295995,-0.5,-0.5,0,0,,,,,,,,,,,
0.409, ,1.40901,0.122703,1,0.3,0,0, ,1.79549,0.295495,-0.5,-0.5,0,0,,,,,,,,,,,
0.41, ,1.41001,0.123003,1,0.3,0,0, ,1.79499,0.294995,-0.5,-0.5,0,0,,,,,,,,,,,
0.411, ,1.41101,0.123303,1,0.3,0,0, ,1.79449,0.294495,-0.5,-0.5,0,0,,,,,,,,,,,
0.412, ,1.41201,0.123603,1,0.3,0,0, ,1.79399,0.293995,-0.5,-0.5,0,0,,,,,,,,,,,
0.413, ,1.41301,0.123903,1,0.3,0,0, ,1.79349,0.293495,-0.5,-0.5,0,0,,,,,,,,,,,
0.414, ,1.41401,0.124203,1,0.3,0,0, ,1.79299,0.292995,-0.5,-0.5,0,0,,,,,,,,,,,
0.415, ,1.41501,0.124503,1,0.3,0,0, ,1.79249,0.292495,-0.5,-0.5,0,0,,,,,,,,,,,
0.416, ,1.41601,0.124803,1,0.3,0,0, ,1.79199,0.291995,-0.5,-0.5,0,0,,,,,,,,,,,
0.417, ,1.41701,0.125103,1,0.3,0,0, ,1.79149,0.291495,-0.5,-0.5,0,0,,,,,,,,,,,
0.418, ,1.41801,0.125403,1,0.3,0,0, ,1.79099,0.290995,-0.5,-0.5,0,0,,,,,,,,,,,
0.419, ,1.41901,0.125703,1,0.3,0,0, ,1.79049,0.290495,-0.5,-0.5,0,0,,,,,,,,,,,
0.42, ,1.42001,0.126003,1,0.3,0,0, ,1.78999,0.289995,-0.5,-0.5,0,0,,,,,,,,,,,
0.421, ,1.42101,0.126303,1,0.3,0,0, ,1.78949,0.289495,-0.5,-0.5,0,0,,,,,,,,,,,
0.422, ,1.42201,0.126603,1,0.3,0,0, ,1.78899,0.288995,-0.5,-0.5,0,0,,,,,,,,,,,
0.423, ,1.42301,0.126903,1,0.3,0,0, ,1.78849,0.288495,-0.5,-0.5,0,0,,,,,,,,,,,
0.424, ,1.42401,0.127203,1,0.3,0,0, ,1.78799,0.287995,-0.5,-0.5,0,0,,,,,,,,,,,
0.425, ,1.42501,0.127503,1,0.3,0,0, ,1.78749,0.287495,-0.5,-0.5,0,0,,,,,,,,,,,
0.426, ,1.42601,0.127803,1,0.3,0,0, ,1.78699,0.286995,-0.5,-0.5,0,0,,,,,,,,,,,
0.427, ,1.42701,0.128103,1,0.3,0,0, ,1.78649,0.286495,-0.5,-0.5,0,0,,,,,,,,,,,
0.428, ,1.42801,0.128403,1,0.3,0,0, ,1.78599,0.285995,-0.5,-0.5,0,0,,,,,,,,,,,
0.429, ,1.42901,0.128703,1,0.3,0,0, ,1.78549,0.285495,-0.5,-0.5,0,0,,,,,,,,,,,
0.43, ,1.43001,0.129003,1,0.3,0,0, ,1.78499,0.284995,-0.5,-0.5,0,0,,,,,,,,,,,
0.431, ,1.43101,0.129303,1,0.3,0,0, ,1.78449,0.284495,-0.5,-0.5,0,0,,,,,,,,,,,
0.432, ,1.43201,0.129603,1,0.3,0,0, ,1.78399,0.283995,-0.5,-0.5,0,0,,,,,,,,,,,
0.433, ,1.43301,0.129903,1,0.3,0,0, ,1.78349,0.283495,-0.5,-0.5,0,0,,,,,,,,,,,
0.434, ,1.43401,0.130203,1,0.3,0,0, ,1.78299,0.282995,-0.5,-0.5,0,0,,,,,,,,,,,
0.435, ,1.43501,0.130503,1,0.3,0,0, ,1.78249,0.282495,-0.5,-0.5,0,0,,,,,,,,,,,
0.436, ,1.43601,0.130803,1,0.3,0,0, ,1.78199,0.281995,-0.5,-0.5,0,0,,,,,,,,,,,
0.437, ,1.43701,0.131103,1,0.3,0,0, ,1.78149,0.281495,-0.5,-0.5,0,0,,,,,,,,,,,
0.438, ,1.43801,0.131403,1,0.3,0,0, ,1.78099,0.280995,-0.5,-0.5,0,0,,,,,,,,,,,
0.439, ,1.43901,0.131703,1,0.3,0,0, ,1.78049,0.280495,-0.5,-0.5,0,0,,,,,,,,,,,
0.44, ,1.44001,0.132003,1,0.3,0,0, ,1.77999,0.279995,-0.5,-0.5,0,0,,,,,,,,,,,
0.441, ,1.44101,0.132303,1,0.3,0,0, ,1.77949,0.279495,-0.5,-0.5,0,0,,,,,,,,,,,
0.442, ,1.44201,0.132603,1,0.3,0,0, ,1.77899,0.278995,-0.5,-0.5,0,0,,,,,,,,,,,
0.443, ,1.44301,0.132903,1,0.3,0,0, ,1.77849,0.278495,-0.5,-0.5,0,0,,,,,,,,,,,
0.444, ,1.44401,0.133203,1,0.3,0,0, ,1.77799,0.277995,-0.5,-0.5,0,0,,,,,,,,,,,
0.445, ,1.44501,0.133503,1,0.3,0,0, ,1.77749,0.277495,-0.5,-0.5,0,0,,,,,,,,,,,
0.446, ,1.44601,0.133803,1,0.3,0,0, ,1.77699,0.276995,-0.5,-0.5,0,0,,,,,,,,,,,
0.447, ,1.44701,0.134103,1,0.3,0,0, ,1.77649,0.276495,-0.5,-0.5,0,0,,,,,,,,,,,
0.448, ,1.44801,0.134403,1,0.3,0,0, ,1.77599,0.275995,-0.5,-0.5,0,0,,,,,,,,,,,
0.449, ,1.44901,0.134703,1,0.3,0,0, ,1.77549,0.275495,-0.5,-0.5,0,0,,,,,,,,,,,
0.45, ,1.45001,0.135003,1,0.3,0,0, ,1.77499,0.274995,-0.5,-0.5,0,0,,,,,,,,,,,
0.451, ,1.45101,0.135303,1,0.3,0,0, ,1.77449,0.274495,-0.5,-0.5,0,0,,,,,,,,,,,
0.452, ,1.45201,0.135603,1,0.3,0,0, ,1.77399,0.273995,-0.5,-0.5,0,0,,,,,,,,,,,
0.453, ,1.45301,0.135903,1,0.3,0,0, ,1.77349,0.273495,-0.5,-0.5,0,0,,,,,,,,,,,
0.454, ,1.45401,0.136203,1,0.3,0,0, ,1.77299,0.272995,-0.5,-0.5,0,0,,,,,,,,,,,
0.455, ,1.45501,0.136503,1,0.3,0,0, ,1.77249,0.272495,-0.5,-0.5,0,0,,,,,,,,,,,
0.456, ,1.45601,0.136803,1,0.3,0,0, ,1.77199,0.271995,-0.5,-0.5,0,0,,,,,,,,,,,
0.457, ,1.45701,0.137103,1,0.3,0,0, ,1.77149,0.271495,-0.5,-0.5,0,0,,,,,,,,,,,
0.458, ,1.45801,0.137403,1,0.3,0,0, ,1.77099,0.270995,-0.5,-0.5,0,0,,,,,,,,,,,
0.459, ,1.45901,0.137703,1,0.3,0,0, ,1.77049,0.270495,-0.5,-0.5,0,0,,,,,,,,,,,
0.46, ,1.46001,0.138003,1,0.3,0,0, ,1.76999,0.269995,-0.5,-0.5,0,0,,,,,,,,,,,
0.461, ,1.46101,0.138303,1,0.3,0,0, ,1.76949,0.269495,-0.5,-0.5,0,0,,,,,,,,,,,
0.462, ,1.46201,0.138603,1,0.3,0,0, ,1.76899,0.268995,-0.5,-0.5,0,0,,,,,,,,,,,
0.463, ,1.46301,0.138903,1,0.3,0,0, ,1.76849,0.268495,-0.5,-0.5,0,0,,,,,,,,,,,
0.464, ,1.46401,0.139203,1,0.3,0,0, ,1.76799,0.267995,-0.5,-0.5,0,0,,,,,,,,,,,
0.465, ,1.46501,0.139503,1,0.3,0,0, ,1.76749,0.267495,-0.5,-0.5,0,0,,,,,,,,,,,
0.466, ,1.46601,0.139803,1,0.3,0,0, ,1.76699,0.266995,-0.5,-0.5,0,0,,,,,,,,,,,
0.467, ,1.46701,0.140103,1,0.3,0,0, ,1.76649,0.266495,-0.5,-0.5,0,0,,,,,,,,,,,
0.468, ,1.46801,0.140403,1,0.3,0,0, ,1.76599,0.265995,-0.5,-0.5,0,0,,,,,,,,,,,
0.469, ,1.46901,0.140703,1,0.3,0,0, ,1.76549,0.265495,-0.5,-0.5,0,0,,,,,,,,,,,
0.47, ,1.47001,0.141003,1,0.3,0,0, ,1.76499,0.264995,-0.5,-0.5,0,0,,,,,,,,,,,
0.471, ,1.47101,0.141303,1,0.3,0,0, ,1.76449,0.264495,-0.5,-0.5,0,0,,,,,,,,,,,
0.472, ,1.47201,0.141603,1,0.3,0,0, ,1.76399,0.263995,-0.5,-0.5,0,0,,,,,,,,,,,
0.473, ,1.47301,0.141903,1,0.3,0,0, ,1.76349,0.263495,-0.5,-0.5,0,0,,,,,,,,,,,
0.474, ,1.47401,0.142203,1,0.3,0,0, ,1.76299,0.262995,-0.5,-0.5,0,0,,,,,,,,,,,
0.475, ,1.47501,0.142503,1,0.3,0,0, ,1.76249,0.262495,-0.5,-0.5,0,0,,,,,,,,,,,
0.476, ,1.47601,0.142803,1,0.3,0,0, ,1.76199,0.261995,-0.5,-0.5,0,0,,,,,,,,,,,
0.477, ,1.47701,0.143103,1,0.3,0,0, ,1.76149,0.261495,-0.5,-0.5,0,0,,,,,,,,,,,
0.478, ,1.47801,0.143403,1,0.3,0,0, ,1.76099,0.260995,-0.5,-0.5,0,0,,,,,,,,,,,
0.479, ,1.47901,0.143703,1,0.3,0,0, ,1.76049,0.260495,-0.5,-0.5,0,0,,,,,,,,,,,
0.48, ,1.48001,0.144003,1,0.3,0,0, ,1.75999,0.259995,-0.5,-0.5,0,0,,,,,,,,,,,
0.481, ,1.48101,0.144303,1,0.3,0,0, ,1.75949,0.259495,-0.5,-0.5,0,0,,,,,,,,,,,
0.482, ,1.48201,0.144603,0.984288,0.293511,-183.053,-75.6003, ,1.759,0.258995,-0.484288,-0.493512,183.058,75.5888,,,,,,,,,,,
0.483, ,1.48275,0.144796,0.394018,0.0499605,-873.513,-360.186, ,1.75875,0.258602,0.105998,-0.249999,873.536,360.131,,,,,,,,,,,
0.484, ,1.48271,0.144667,-0.406187,-0.279755,-546.062,-224.806, ,1.7593,0.258531,0.906223,0.0796666,546.077,224.772,,,,,,,,,,,
0.485, ,1.48217,0.144332,-0.571058,-0.34761,0,0, ,1.76034,0.258666,1.0711,0.147511,0,0,,,,,,,,,,,
0.486, ,1.4816,0.143984,-0.571058,-0.34761,0,0, ,1.76141,0.258814,1.0711,0.147511,0,0,,,,,,,,,,,
0.487, ,1.48103,0.143636,-0.571058,-0.34761,0,0, ,1.76248,0.258961,1.0711,0.147511,0,0,,,,,,,,,,,
0.488, ,1.48046,0.143289,-0.571058,-0.34761,0,0, ,1.76355,0.259109,1.0711,0.147511,0,0,,,,,,,,,,,
0.489, ,1.47989,0.142941,-0.571058,-0.34761,0,0, ,1.76462,0.259256,1.0711,0.147511,0,0,,,,,,,,,,,
0.49, ,1.47931,0.142594,-0.571058,-0.34761,0,0, ,1.76569,0.259404,1.0711,0.147511,0,0,,,,,,,,,,,
0.491, ,1.47874,0.142246,-0.571058,-0.34761,0,0, ,1.76676,0.259551,1.0711,0.147511,0,0,,,,,,,,,,,
0.492, ,1.47817,0.141898,-0.571058,-0.34761,0,0, ,1.76783,0.259699,1.0711,0.147511,0,0,,,,,,,,,,,
0.493, ,1.4776,0.141551,-0.571058,-0.34761,0,0, ,1.7689,0.259846,1.0711,0.147511,0,0,,,,,,,,,,,
0.494, ,1.47703,0.141203,-0.571058,-0.34761,0,0, ,1.76998,0.259994,1.0711,0.147511,0,0,,,,,,,,,,,
0.495, ,1.47646,0.140856,-0.571058,-0.34761,0,0, ,1.77105,0.260141,1.0711,0.147511,0,0,,,,,,,,,,,
0.496, ,1.47589,0.140508,-0.571058,-0.34761,0,0, ,1.77212,0.260289,1.0711,0.147511,0,0,,,,,,,,,,,
0.497, ,1.47532,0.14016,-0.571058,-0.34761,0,0, ,1.77319,0.260436,1.0711,0.147511,0,0,,,,,,,,,,,
0.498, ,1.47475,0.139813,-0.571058,-0.34761,0,0, ,1.77426,0.260584,1.0711,0.147511,0,0,,,,,,,,,,,
0.499, ,1.47417,0.139465,-0.571058,-0.34761,0,0, ,1.77533,0.260731,1.0711,0.147511,0,0,,,,,,,,,,,
0.5, ,1.4736,0.139118,-0.571058,-0.34761,0,0, ,1.7764,0.260879,1.0711,0.147511,0,0,,,,,,,,,,,
0.501, ,1.47303,0.13877,-0.571058,-0.34761,0,0, ,1.77747,0.261026,1.0711,0.147511,0,0,,,,,,,,,,,
0.502, ,1.47246,0.138422,-0.571058,-0.34761,0,0, ,1.77854,0.261174,1.0711,0.147511,0,0,,,,,,,,,,,
0.503, ,1.47189,0.138075,-0.571058,-0.34761,0,0, ,1.77962,0.261321,1.0711,0.147511,0,0,,,,,,,,,,,
0.504, ,1.47132,0.137727,-0.571058,-0.34761,0,0, ,1.78069,0.261469,1.0711,0.147511,0,0,,,,,,,,,,,
0.505, ,1.47075,0.137379,-0.571058,-0.34761,0,0, ,1.78176,0.261616,1.0711,0.147511,0,0,,,,,,,,,,,
0.506, ,1.47018,0.137032,-0.571058,-0.34761,0,0, ,1.78283,0.261764,1.0711,0.147511,0,0,,,,,,,,,,,
0.507, ,1.46961,0.136684,-0.571058,-0.34761,0,0, ,1.7839,0.261911,1.0711,0.147511,0,0,,,,,,,,,,,
0.508, ,1.46903,0.136337,-0.571058,-0.34761,0,0, ,1.78497,0.262059,1.0711,0.147511,0,0,,,,,,,,,,,
0.509, ,1.46846,0.135989,-0.571058,-0.34761,0,0, ,1.78604,0.262206,1.0711,0.147511,0,0,,,,,,,,,,,
0.51, ,1.46789,0.135641,-0.571058,-0.34761,0,0, ,1.78711,0.262354,1.0711,0.147511,0,0,,,,,,,,,,,
0.511, ,1.46732,0.135294,-0.571058,-0.34761,0,0, ,1.78818,0.262501,1.0711,0.147511,0,0,,,,,,,,,,,
0.512, ,1.46675,0.134946,-0.571058,-0.34761,0,0, ,1.78926,0.262649,1.0711,0.147511,0,0,,,,,,,,,,,
0.513, ,1.46618,0.134599,-0.571058,-0.34761,0,0, ,1.79033,0.262796,1.0711,0.147511,0,0,,,,,,,,,,,
0.514, ,1.46561,0.134251,-0.571058,-0.34761,0,0, ,1.7914,0.262944,1.0711,0.147511,0,0,,,,,,,,,,,
0.515, ,1.46504,0.133903,-0.571058,-0.34761,0,0, ,1.79247,0.263091,1.0711,0.147511,0,0,,,,,,,,,,,
0.516, ,1.46447,0.133556,-0.571058,-0.34761,0,0, ,1.79354,0.263239,1.0711,0.147511,0,0,,,,,,,,,,,
0.517, ,1.4639,0.133208,-0.571058,-0.34761,0,0, ,1.79461,0.263387,1.0711,0.147511,0,0,,,,,,,,,,,
0.518, ,1.46332,0.132861,-0.571058,-0.34761,0,0, ,1.79568,0.263534,1.0711,0.147511,0,0,,,,,,,,,,,
0.519, ,1.46275,0.132513,-0.571058,-0.34761,0,0, ,1.79675,0.263682,1.0711,0.147511,0,0,,,,,,,,,,,
0.52, ,1.46218,0.132165,-0.571058,-0.34761,0,0, ,1.79782,0.263829,1.0711,0.147511,0,0,,,,,,,,,,,
0.521, ,1.46161,0.131818,-0.571058,-0.34761,0,0, ,1.7989,0.263977,1.0711,0.147511,0,0,,,,,,,,,,,
0.522, ,1.46104,0.13147,-0.571058,-0.34761,0,0, ,1.79997,0.264124,1.0711,0.147511,0,0,,,,,,,,,,,
0.523, ,1.46047,0.131122,-0.571058,-0.34761,0,0, ,1.80104,0.264272,1.0711,0.147511,0,0,,,,,,,,,,,
0.524, ,1.4599,0.130775,-0.571058,-0.34761,0,0, ,1.80211,0.264419,1.0711,0.147511,0,0,,,,,,,,,,,
0.525, ,1.45933,0.130427,-0.571058,-0.34761,0,0, ,1.80318,0.264567,1.0711,0.147511,0,0,,,,,,,,,,,
0.526, ,1.45876,0.13008,-0.571058,-0.34761,0,0, ,1.80425,0.264714,1.0711,0.147511,0,0,,,,,,,,,,,
0.527, ,1.45818,0.129732,-0.571058,-0.34761,0,0, ,1.80532,0.264862,1.0711,0.147511,0,0,,,,,,,,,,,
0.528, ,1.45761,0.129384,-0.571058,-0.34761,0,0, ,1.80639,0.265009,1.0711,0.147511,0,0,,,,,,,,,,,
0.529, ,1.45704,0.129037,-0.571058,-0.34761,0,0, ,1.80746,0.265157,1.0711,0.147511,0,0,,,,,,,,,,,
0.53, ,1.45647,0.128689,-0.571058,-0.34761,0,0, ,1.80854,0.265304,1.0711,0.147511,0,0,,,,,,,,,,,
0.531, ,1.4559,0.128342,-0.571058,-0.34761,0,0, ,1.80961,0.265452,1.0711,0.147511,0,0,,,,,,,,,,,
0.532, ,1.45533,0.127994,-0.571058,-0.34761,0,0, ,1.81068,0.265599,1.0711,0.147511,0,0,,,,,,,,,,,
0.533, ,1.45476,0.127646,-0.571058,-0.34761,0,0, ,1.81175,0.265747,1.0711,0.147511,0,0,,,,,,,,,,,
0.534, ,1.45419,0.127299,-0.571058,-0.34761,0,0, ,1.81282,0.265894,1.0711,0.147511,0,0,,,,,,,,,,,
0.535, ,1.45362,0.126951,-0.571058,-0.34761,0,0, ,1.81389,0.266042,1.0711,0.147511,0,0,,,,,,,,,,,
0.536, ,1.45305,0.126604,-0.571058,-0.34761,0,0, ,1.81496,0.266189,1.0711,0.147511,0,0,,,,,,,,,,,
0.537, ,1.45247,0.126256,-0.571058,-0.34761,0,0, ,1.81603,0.266337,1.0711,0.147511,0,0,,,,,,,,,,,
0.538, ,1.4519,0.125908,-0.571058,-0.34761,0,0, ,1.8171,0.266484,1.0711,0.147511,0,0,,,,,,,,,,,
0.539, ,1.45133,0.125561,-0.571058,-0.34761,0,0, ,1.81818,0.266632,1.0711,0.147511,0,0,,,,,,,,,,,
0.54, ,1.45076,0.125213,-0.571058,-0.34761,0,0, ,1.81925,0.266779,1.0711,0.147511,0,0,,,,,,,,,,,
0.541, ,1.45019,0.124865,-0.571058,-0.34761,0,0, ,1.82032,0.266927,1.0711,0.147511,0,0,,,,,,,,,,,
0.542, ,1.44962,0.124518,-0.571058,-0.34761,0,0, ,1.82139,0.267074,1.0711,0.147511,0,0,,,,,,,,,,,
0.543, ,1.44905,0.12417,-0.571058,-0.34761,0,0, ,1.82246,0.267222,1.0711,0.147511,0,0,,,,,,,,,,,
0.544, ,1.44848,0.123823,-0.571058,-0.34761,0,0, ,1.82353,0.267369,1.0711,0.147511,0,0,,,,,,,,,,,
0.545, ,1.44791,0.123475,-0.571058,-0.34761,0,0, ,1.8246,0.267517,1.0711,0.147511,0,0,,,,,,,,,,,
0.546, ,1.44733,0.123127,-0.571058,-0.34761,0,0, ,1.82567,0.267664,1.0711,0.147511,0,0,,,,,,,,,,,
0.547, ,1.44676,0.12278,-0.571058,-0.34761,0,0, ,1.82674,0.267812,1.0711,0.147511,0,0,,,,,,,,,,,
0.548, ,1.44619,0.122432,-0.571058,-0.34761,0,0, ,1.82782,0.267959,1.0711,0.147511,0,0,,,,,,,,,,,
0.549, ,1.44562,0.122085,-0.571058,-0.34761,0,0, ,1.82889,0.268107,1.0711,0.147511,0,0,,,,,,,,,,,
0.55, ,1.44505,0.121737,-0.571058,-0.34761,0,0, ,1.82996,0.268254,1.0711,0.147511,0,0,,,,,,,,,,,
0.551, ,1.44448,0.121389,-0.571058,-0.34761,0,0, ,1.83103,0.268402,1.0711,0.147511,0,0,,,,,,,,,,,
0.552, ,1.44391,0.121042,-0.571058,-0.34761,0,0, ,1.8321,0.268549,1.0711,0.147511,0,0,,,,,,,,,,,
0.553, ,1.44334,0.120694,-0.571058,-0.34761,0,0, ,1.83317,0.268697,1.0711,0.147511,0,0,,,,,,,,,,,
0.554, ,1.44277,0.120347,-0.571058,-0.34761,0,0, ,1.83424,0.268844,1.0711,0.147511,0,0,,,,,,,,,,,
0.555, ,1.4422,0.119999,-0.571058,-0.34761,0,0, ,1.83531,0.268992,1.0711,0.147511,0,0,,,,,,,,,,,
0.556, ,1.44162,0.119651,-0.571058,-0.34761,0,0, ,1.83638,0.269139,1.0711,0.147511,0,0,,,,,,,,,,,
0.557, ,1.44105,0.119304,-0.571058,-0.34761,0,0, ,1.83745,0.269287,1.0711,0.147511,0,0,,,,,,,,,,,
0.558, ,1.44048,0.118956,-0.571058,-0.34761,0,0, ,1.83853,0.269434,1.0711,0.147511,0,0,,,,,,,,,,,
0.559, ,1.43991,0.118609,-0.571058,-0.34761,0,0, ,1.8396,0.269582,1.0711,0.147511,0,0,,,,,,,,,,,
0.56, ,1.43934,0.118261,-0.571058,-0.34761,0,0, ,1.84067,0.269729,1.0711,0.147511,0,0,,,,,,,,,,,
0.561, ,1.43877,0.117913,-0.571058,-0.34761,0,0, ,1.84174,0.269877,1.0711,0.147511,0,0,,,,,,,,,,,
0.562, ,1.4382,0.117566,-0.571058,-0.34761,0,0, ,1.84281,0.270025,1.0711,0.147511,0,0,,,,,,,,,,,
0.563, ,1.43763,0.117218,-0.571058,-0.34761,0,0, ,1.84388,0.270172,1.0711,0.147511,0,0,,,,,,,,,,,
0.564, ,1.43706,0.11687,-0.571058,-0.34761,0,0, ,1.84495,0.27032,1.0711,0.147511,0,0,,,,,,,,,,,
0.565, ,1.43648,0.116523,-0.571058,-0.34761,0,0, ,1.84602,0.270467,1.0711,0.147511,0,0,,,,,,,,,,,
0.566, ,1.43591,0.116175,-0.571058,-0.34761,0,0, ,1.84709,0.270615,1.0711,0.147511,0,0,,,,,,,,,,,
0.567, ,1.43534,0.115828,-0.571058,-0.34761,0,0, ,1.84817,0.270762,1.0711,0.147511,0,0,,,,,,,,,,,
0.568, ,1.43477,0.11548,-0.571058,-0.34761,0,0, ,1.84924,0.27091,1.0711,0.147511,0,0,,,,,,,,,,,
0.569, ,1.4342,0.115132,-0.571058,-0.34761,0,0, ,1.85031,0.271057,1.0711,0.147511,0,0,,,,,,,,,,,
0.57, ,1.43363,0.114785,-0.571058,-0.34761,0,0, ,1.85138,0.271205,1.0711,0.147511,0,0,,,,,,,,,,,
0.571, ,1.43306,0.114437,-0.571058,-0.34761,0,0, ,1.85245,0.271352,1.0711,0.147511,0,0,,,,,,,,,,,
0.572, ,1.43249,0.11409,-0.571058,-0.34761,0,0, ,1.85352,0.2715,1.0711,0.147511,0,0,,,,,,,,,,,
0.573, ,1.43192,0.113742,-0.571058,-0.34761,0,0, ,1.85459,0.271647,1.0711,0.147511,0,0,,,,,,,,,,,
0.574, ,1.43135,0.113394,-0.571058,-0.34761,0,0, ,1.85566,0.271795,1.0711,0.147511,0,0,,,,,,,,,,,
0.575, ,1.43077,0.113047,-0.571058,-0.34761,0,0, ,1.85673,0.271942,1.0711,0.147511,0,0,,,,,,,,,,,
0.576, ,1.4302,0.112699,-0.571058,-0.34761,0,0, ,1.85781,0.27209,1.0711,0.147511,0,0,,,,,,,,,,,
0.577, ,1.42963,0.112352,-0.571058,-0.34761,0,0, ,1.85888,0.272237,1.0711,0.147511,0,0,,,,,,,,,,,
0.578, ,1.42906,0.112004,-0.571058,-0.34761,0,0, ,1.85995,0.272385,1.0711,0.147511,0,0,,,,,,,,,,,
0.579, ,1.42849,0.111656,-0.571058,-0.34761,0,0, ,1.86102,0.272532,1.0711,0.147511,0,0,,,,,,,,,,,
0.58, ,1.42792,0.111309,-0.571058,-0.34761,0,0, ,1.86209,0.27268,1.0711,0.147511,0,0,,,,,,,,,,,
0.581, ,1.42735,0.110961,-0.571058,-0.34761,0,0, ,1.86316,0.272827,1.0711,0.147511,0,0,,,,,,,,,,,
0.582, ,1.42678,0.110613,-0.571058,-0.34761,0,0, ,1.86423,0.272975,1.0711,0.147511,0,0,,,,,,,,,,,
0.583, ,1.42621,0.110266,-0.571058,-0.34761,0,0, ,1.8653,0.273122,1.0711,0.147511,0,0,,,,,,,,,,,
0.584, ,1.42563,0.109918,-0.571058,-0.34761,0,0, ,1.86637,0.27327,1.0711,0.147511,0,0,,,,,,,,,,,
0.585, ,1.42506,0.109571,-0.571058,-0.34761,0,0, ,1.86745,0.273417,1.0711,0.147511,0,0,,,,,,,,,,,
0.586, ,1.42449,0.109223,-0.571058,-0.34761,0,0, ,1.86852,0.273565,1.0711,0.147511,0,0,,,,,,,,,,,
0.587, ,1.42392,0.108875,-0.571058,-0.34761,0,0, ,1.86959,0.273712,1.0711,0.147511,0,0,,,,,,,,,,,
0.588, ,1.42335,0.108528,-0.571058,-0.34761,0,0, ,1.87066,0.27386,1.0711,0.147511,0,0,,,,,,,,,,,
0.589, ,1.42278,0.10818,-0.571058,-0.34761,0,0, ,1.87173,0.274007,1.0711,0.147511,0,0,,,,,,,,,,,
0.59, ,1.42221,0.107833,-0.571058,-0.34761,0,0, ,1.8728,0.274155,1.0711,0.147511,0,0,,,,,,,,,,,
0.591, ,1.42164,0.107485,-0.571058,-0.34761,0,0, ,1.87387,0.274302,1.0711,0.147511,0,0,,,,,,,,,,,
0.592, ,1.42107,0.107137,-0.571058,-0.34761,0,0, ,1.87494,0.27445,1.0711,0.147511,0,0,,,,,,,,,,,
0.593, ,1.4205,0.10679,-0.571058,-0.34761,0,0, ,1.87601,0.274597,1.0711,0.147511,0,0,,,,,,,,,,,
0.594, ,1.41992,0.106442,-0.571058,-0.34761,0,0, ,1.87709,0.274745,1.0711,0.147511,0,0,,,,,,,,,,,
0.595, ,1.41935,0.106095,-0.571058,-0.34761,0,0, ,1.87816,0.274892,1.0711,0.147511,0,0,,,,,,,,,,,
0.596, ,1.41878,0.105747,-0.571058,-0.34761,0,0, ,1.87923,0.27504,1.0711,0.147511,0,0,,,,,,,,,,,
0.597, ,1.41821,0.105399,-0.571058,-0.34761,0,0, ,1.8803,0.275187,1.0711,0.147511,0,0,,,,,,,,,,,
0.598, ,1.41764,0.105052,-0.571058,-0.34761,0,0, ,1.88137,0.275335,1.0711,0.147511,0,0,,,,,,,,,,,
0.599, ,1.41707,0.104704,-0.571058,-0.34761,0,0, ,1.88244,0.275482,1.0711,0.147511,0,0,,,,,,,,,,,
0.6, ,1.4165,0.104357,-0.571058,-0.34761,0,0, ,1.88351,0.27563,1.0711,0.147511,0,0,,,,,,,,,,,
0.601, ,1.41593,0.104009,-0.571058,-0.34761,0,0, ,1.88458,0.275777,1.0711,0.147511,0,0,,,,,,,,,,,
0.602, ,1.41536,0.103661,-0.571058,-0.34761,0,0, ,1.88565,0.275925,1.0711,0.147511,0,0,,,,,,,,,,,
0.603, ,1.41478,0.103314,-0.571058,-0.34761,0,0, ,1.88673,0.276072,1.0711,0.147511,0,0,,,,,,,,,,,
0.604, ,1.41421,0.102966,-0.571058,-0.34761,0,0, ,1.8878,0.27622,1.0711,0.147511,0,0,,,,,,,,,,,
0.605, ,1.41364,0.102618,-0.571058,-0.34761,0,0, ,1.88887,0.276367,1.0711,0.147511,0,0,,,,,,,,,,,
0.606, ,1.41307,0.102271,-0.571058,-0.34761,0,0, ,1.88994,0.276515,1.0711,0.147511,0,0,,,,,,,,,,,
0.607, ,1.4125,0.101923,-0.571058,-0.34761,0,0, ,1.89101,0.276663,1.0711,0.147511,0,0,,,,,,,,,,,
0.608, ,1.41193,0.101576,-0.571058,-0.34761,0,0, ,1.89208,0.27681,1.0711,0.147511,0,0,,,,,,,,,,,
0.609, ,1.41136,0.101228,-0.571058,-0.34761,0,0, ,1.89315,0.276958,1.0711,0.147511,0,0,,,,,,,,,,,
0.61, ,1.41079,0.10088,-0.571058,-0.34761,0,0, ,1.89422,0.277105,1.0711,0.147511,0,0,,,,,,,,,,,
0.611, ,1.41022,0.100533,-0.571058,-0.34761,0,0, ,1.89529,0.277253,1.0711,0.147511,0,0,,,,,,,,,,,
0.612, ,1.40964,0.100185,-0.571058,-0.34761,0,0, ,1.89637,0.2774,1.0711,0.147511,0,0,,,,,,,,,,,
0.613, ,1.40907,0.0998376,-0.571058,-0.34761,0,0, ,1.89744,0.277548,1.0711,0.147511,0,0,,,,,,,,,,,
0.614, ,1.4085,0.09949,-0.571058,-0.34761,0,0, ,1.89851,0.277695,1.0711,0.147511,0,0,,,,,,,,,,,
0.615, ,1.40793,0.0991424,-0.571058,-0.34761,0,0, ,1.89958,0.277843,1.0711,0.147511,0,0,,,,,,,,,,,
0.616, ,1.40736,0.0987948,-0.571058,-0.34761,0,0, ,1.90065,0.27799,1.0711,0.147511,0,0,,,,,,,,,,,
0.617, ,1.40679,0.0984471,-0.571058,-0.34761,0,0, ,1.90172,0.278138,1.0711,0.147511,0,0,,,,,,,,,,,
0.618, ,1.40622,0.0980995,-0.571058,-0.34761,0,0, ,1.90279,0.278285,1.0711,0.147511,0,0,,,,,,,,,,,
0.619, ,1.40565,0.0977519,-0.571058,-0.34761,0,0, ,1.90386,0.278433,1.0711,0.147511,0,0,,,,,,,,,,,
0.62, ,1.40508,0.0974043,-0.571058,-0.34761,0,0, ,1.90493,0.27858,1.0711,0.147511,0,0,,,,,,,,,,,
0.621, ,1.40451,0.0970567,-0.571058,-0.34761,0,0, ,1.90601,0.278728,1.0711,0.147511,0,0,,,,,,,,,,,
0.622, ,1.40393,0.0967091,-0.571058,-0.34761,0,0, ,1.90708,0.278875,1.0711,0.147511,0,0,,,,,,,,,,,
0.623, ,1.40336,0.0963615,-0.571058,-0.34761,0,0, ,1.90815,0.279023,1.0711,0.147511,0,0,,,,,,,,,,,
0.624, ,1.40279,0.0960139,-0.571058,-0.34761,0,0, ,1.90922,0.27917,1.0711,0.147511,0,0,,,,,,,,,,,
0.625, ,1.40222,0.0956663,-0.571058,-0.34761,0,0, ,1.91029,0.279318,1.0711,0.147511,0,0,,,,,,,,,,,
0.626, ,1.40165,0.0953187,-0.571058,-0.34761,0,0, ,1.91136,0.279465,1.0711,0.147511,0,0,,,,,,,,,,,
0.627, ,1.40108,0.094971,-0.571058,-0.34761,0,0, ,1.91243,0.279613,1.0711,0.147511,0,0,,,,,,,,,,,
0.628, ,1.40051,0.0946234,-0.571058,-0.34761,0,0, ,1.9135,0.27976,1.0711,0.147511,0,0,,,,,,,,,,,
0.629, ,1.39994,0.0942758,-0.571058,-0.34761,0,0, ,1.91457,0.279908,1.0711,0.147511,0,0,,,,,,,,,,,
0.63, ,1.39937,0.0939282,-0.571058,-0.34761,0,0, ,1.91565,0.280055,1.0711,0.147511,0,0,,,,,,,,,,,
0.631, ,1.39879,0.0935806,-0.571058,-0.34761,0,0, ,1.91672,0.280203,1.0711,0.147511,0,0,,,,,,,,,,,
0.632, ,1.39822,0.093233,-0.571058,-0.34761,0,0, ,1.91779,0.28035,1.0711,0.147511,0,0,,,,,,,,,,,
0.633, ,1.39765,0.0928854,-0.571058,-0.34761,0,0, ,1.91886,0.280498,1.0711,0.147511,0,0,,,,,,,,,,,
0.634, ,1.39708,0.0925378,-0.571058,-0.34761,0,0, ,1.91993,0.280645,1.0711,0.147511,0,0,,,,,,,,,,,
0.635, ,1.39651,0.0921902,-0.571058,-0.34761,0,0, ,1.921,0.280793,1.0711,0.147511,0,0,,,,,,,,,,,
0.636, ,1.39594,0.0918426,-0.571058,-0.34761,0,0, ,1.92207,0.28094,1.0711,0.147511,0,0,,,,,,,,,,,
0.637, ,1.39537,0.0914949,-0.571058,-0.34761,0,0, ,1.92314,0.281088,1.0711,0.147511,0,0,,,,,,,,,,,
0.638, ,1.3948,0.0911473,-0.571058,-0.34761,0,0, ,1.92421,0.281235,1.0711,0.147511,0,0,,,,,,,,,,,
0.639, ,1.39423,0.0907997,-0.571058,-0.34761,0,0, ,1.92528,0.281383,1.0711,0.147511,0,0,,,,,,,,,,,
0.64, ,1.39366,0.0904521,-0.571058,-0.34761,0,0, ,1.92636,0.28153,1.0711,0.147511,0,0,,,,,,,,,,,
0.641, ,1.39308,0.0901045,-0.571058,-0.34761,0,0, ,1.92743,0.281678,1.0711,0.147511,0,0,,,,,,,,,,,
0.642, ,1.39251,0.0897569,-0.571058,-0.34761,0,0, ,1.9285,0.281825,1.0711,0.147511,0,0,,,,,,,,,,,
0.643, ,1.39194,0.0894093,-0.571058,-0.34761,0,0, ,1.92957,0.281973,1.0711,0.147511,0,0,,,,,,,,,,,
0.644, ,1.39137,0.0890617,-0.571058,-0.34761,0,0, ,1.93064,0.28212,1.0711,0.147511,0,0,,,,,,,,,,,
0.645, ,1.3908,0.0887141,-0.571058,-0.34761,0,0, ,1.93171,0.282268,1.0711,0.147511,0,0,,,,,,,,,,,
0.646, ,1.39023,0.0883665,-0.571058,-0.34761,0,0, ,1.93278,0.282415,1.0711,0.147511,0,0,,,,,,,,,,,
0.647, ,1.38966,0.0880188,-0.571058,-0.34761,0,0, ,1.93385,0.282563,1.0711,0.147511,0,0,,,,,,,,,,,
0.648, ,1.38909,0.0876712,-0.571058,-0.34761,0,0, ,1.93492,0.28271,1.0711,0.147511,0,0,,,,,,,,,,,
0.649, ,1.38852,0.0873236,-0.571058,-0.34761,0,0, ,1.936,0.282858,1.0711,0.147511,0,0,,,,,,,,,,,
0.65, ,1.38794,0.086976,-0.571058,-0.34761,0,0, ,1.93707,0.283005,1.0711,0.147511,0,0,,,,,,,,,,,
0.651, ,1.38737,0.0866284,-0.571058,-0.34761,0,0, ,1.93814,0.283153,1.0711,0.147511,0,0,,,,,,,,,,,
0.652, ,1.3868,0.0862808,-0.571058,-0.34761,0,0, ,1.93921,0.2833,1.0711,0.147511,0,0,,,,,,,,,,,
0.653, ,1.38623,0.0859332,-0.571058,-0.34761,0,0, ,1.94028,0.283448,1.0711,0.147511,0,0,,,,,,,,,,,
0.654, ,1.38566,0.0855856,-0.571058,-0.34761,0,0, ,1.94135,0.283596,1.0711,0.147511,0,0,,,,,,,,,,,
0.655, ,1.38509,0.085238,-0.571058,-0.34761,0,0, ,1.94242,0.283743,1.0711,0.147511,0,0,,,,,,,,,,,
0.656, ,1.38452,0.0848904,-0.571058,-0.34761,0,0, ,1.94349,0.283891,1.0711,0.147511,0,0,,,,,,,,,,,
0.657, ,1.38395,0.0845427,-0.571058,-0.34761,0,0, ,1.94456,0.284038,1.0711,0.147511,0,0,,,,,,,,,,,
0.658, ,1.38338,0.0841951,-0.571058,-0.34761,0,0, ,1.94564,0.284186,1.0711,0.147511,0,0,,,,,,,,,,,
0.659, ,1.38281,0.0838475,-0.571058,-0.34761,0,0, ,1.94671,0.284333,1.0711,0.147511,0,0,,,,,,,,,,,
0.66, ,1.38223,0.0834999,-0.571058,-0.34761,0,0, ,1.94778,0.284481,1.0711,0.147511,0,0,,,,,,,,,,,
0.661, ,1.38166,0.0831523,-0.571058,-0.34761,0,0, ,1.94885,0.284628,1.0711,0.147511,0,0,,,,,,,,,,,
0.662, ,1.38109,0.0828047,-0.571058,-0.34761,0,0, ,1.94992,0.284776,1.0711,0.147511,0,0,,,,,,,,,,,
0.663, ,1.38052,0.0824571,-0.571058,-0.34761,0,0, ,1.95099,0.284923,1.0711,0.147511,0,0,,,,,,,,,,,
0.664, ,1.37995,0.0821095,-0.571058,-0.34761,0,0, ,1.95206,0.285071,1.0711,0.147511,0,0,,,,,,,,,,,
0.665, ,1.37938,0.0817619,-0.571058,-0.34761,0,0, ,1.95313,0.285218,1.0711,0.147511,0,0,,,,,,,,,,,
0.666, ,1.37881,0.0814143,-0.571058,-0.34761,0,0, ,1.9542,0.285366,1.0711,0.147511,0,0,,,,,,,,,,,
0.667, ,1.37824,0.0810666,-0.571058,-0.34761,0,0, ,1.95528,0.285513,1.0711,0.147511,0,0,,,,,,,,,,,
0.668, ,1.37767,0.080719,-0.571058,-0.34761,0,0, ,1.95635,0.285661,1.0711,0.147511,0,0,,,,,,,,,,,
0.669, ,1.37709,0.0803714,-0.571058,-0.34761,0,0, ,1.95742,0.285808,1.0711,0.147511,0,0,,,,,,,,,,,
0.67, ,1.37652,0.0800238,-0.571058,-0.34761,0,0, ,1.95849,0.285956,1.0711,0.147511,0,0,,,,,,,,,,,
0.671, ,1.37595,0.0796762,-0.571058,-0.34761,0,0, ,1.95956,0.286103,1.0711,0.147511,0,0,,,,,,,,,,,
0.672, ,1.37538,0.0793286,-0.571058,-0.34761,0,0, ,1.96063,0.286251,1.0711,0.147511,0,0,,,,,,,,,,,
0.673, ,1.37481,0.078981,-0.571058,-0.34761,0,0, ,1.9617,0.286398,1.0711,0.147511,0,0,,,,,,,,,,,
0.674, ,1.37424,0.0786334,-0.571058,-0.34761,0,0, ,1.96277,0.286546,1.0711,0.147511,0,0,,,,,,,,,,,
0.675, ,1.37367,0.0782858,-0.571058,-0.34761,0,0, ,1.96384,0.286693,1.0711,0.147511,0,0,,,,,,,,,,,
0.676, ,1.3731,0.0779382,-0.571058,-0.34761,0,0, ,1.96492,0.286841,1.0711,0.147511,0,0,,,,,,,,,,,
0.677, ,1.37253,0.0775906,-0.571058,-0.34761,0,0, ,1.96599,0.286988,1.0711,0.147511,0,0,,,,,,,,,,,
0.678, ,1.37196,0.0772429,-0.571058,-0.34761,0,0, ,1.96706,0.287136,1.0711,0.147511,0,0,,,,,,,,,,,
0.679, ,1.37138,0.0768953,-0.571058,-0.34761,0,0, ,1.96813,0.287283,1.0711,0.147511,0,0,,,,,,,,,,,
0.68, ,1.37081,0.0765477,-0.571058,-0.34761,0,0, ,1.9692,0.287431,1.0711,0.147511,0,0,,,,,,,,,,,
0.681, ,1.37024,0.0762001,-0.571058,-0.34761,0,0, ,1.97027,0.287578,1.0711,0.147511,0,0,,,,,,,,,,,
0.682, ,1.36967,0.0758525,-0.571058,-0.34761,0,0, ,1.97134,0.287726,1.0711,0.147511,0,0,,,,,,,,,,,
0.683, ,1.3691,0.0755049,-0.571058,-0.34761,0,0, ,1.97241,0.287873,1.0711,0.147511,0,0,,,,,,,,,,,
0.684, ,1.36853,0.0751573,-0.571058,-0.34761,0,0, ,1.97348,0.288021,1.0711,0.147511,0,0,,,,,,,,,,,
0.685, ,1.36796,0.0748097,-0.571058,-0.34761,0,0, ,1.97456,0.288168,1.0711,0.147511,0,0,,,,,,,,,,,
0.686, ,1.36739,0.0744621,-0.571058,-0.34761,0,0, ,1.97563,0.288316,1.0711,0.147511,0,0,,,,,,,,,,,
0.687, ,1.36682,0.0741145,-0.571058,-0.34761,0,0, ,1.9767,0.288463,1.0711,0.147511,0,0,,,,,,,,,,,
0.688, ,1.36624,0.0737668,-0.571058,-0.34761,0,0, ,1.97777,0.288611,1.0711,0.147511,0,0,,,,,,,,,,,
0.689, ,1.36567,0.0734192,-0.571058,-0.34761,0,0, ,1.97884,0.288758,1.0711,0.147511,0,0,,,,,,,,,,,
0.69, ,1.3651,0.0730716,-0.571058,-0.34761,0,0, ,1.97991,0.288906,1.0711,0.147511,0,0,,,,,,,,,,,
0.691, ,1.36453,0.072724,-0.571058,-0.34761,0,0, ,1.98098,0.289053,1.0711,0.147511,0,0,,,,,,,,,,,
0.692, ,1.36396,0.0723764,-0.571058,-0.34761,0,0, ,1.98205,0.289201,1.0711,0.147511,0,0,,,,,,,,,,,
0.693, ,1.36339,0.0720288,-0.571058,-0.34761,0,0, ,1.98312,0.289348,1.0711,0.147511,0,0,,,,,,,,,,,
0.694, ,1.36282,0.0716812,-0.571058,-0.34761,0,0, ,1.9842,0.289496,1.0711,0.147511,0,0,,,,,,,,,,,
0.695, ,1.36225,0.0713336,-0.571058,-0.34761,0,0, ,1.98527,0.289643,1.0711,0.147511,0,0,,,,,,,,,,,
0.696, ,1.36168,0.070986,-0.571058,-0.34761,0,0, ,1.98634,0.289791,1.0711,0.147511,0,0,,,,,,,,,,,
0.697, ,1.36111,0.0706384,-0.571058,-0.34761,0,0, ,1.98741,0.289938,1.0711,0.147511,0,0,,,,,,,,,,,
0.698, ,1.36053,0.0702907,-0.571058,-0.34761,0,0, ,1.98848,0.290086,1.0711,0.147511,0,0,,,,,,,,,,,
0.699, ,1.35996,0.0699431,-0.571058,-0.34761,0,0, ,1.98955,0.290234,1.0711,0.147511,0,0,,,,,,,,,,,
0.7, ,1.35939,0.0695955,-0.571058,-0.34761,0,0, ,1.99062,0.290381,1.0711,0.147511,0,0,,,,,,,,,,,
0.701, ,1.35882,0.0692479,-0.571058,-0.34761,0,0, ,1.99169,0.290529,1.0711,0.147511,0,0,,,,,,,,,,,
0.702, ,1.35825,0.0689003,-0.571058,-0.34761,0,0, ,1.99276,0.290676,1.0711,0.147511,0,0,,,,,,,,,,,
0.703, ,1.35768,0.0685527,-0.571058,-0.34761,0,0, ,1.99384,0.290824,1.0711,0.147511,0,0,,,,,,,,,,,
0.704, ,1.35711,0.0682051,-0.571058,-0.34761,0,0, ,1.99491,0.290971,1.0711,0.147511,0,0,,,,,,,,,,,
0.705, ,1.35654,0.0678575,-0.571058,-0.34761,0,0, ,1.99598,0.291119,1.0711,0.147511,0,0,,,,,,,,,,,
0.706, ,1.35597,0.0675099,-0.571058,-0.34761,0,0, ,1.99705,0.291266,1.0711,0.147511,0,0,,,,,,,,,,,
0.707, ,1.35539,0.0671623,-0.571058,-0.34761,0,0, ,1.99812,0.291414,1.0711,0.147511,0,0,,,,,,,,,,,
0.708, ,1.35482,0.0668146,-0.571058,-0.34761,0,0, ,1.99919,0.291561,1.0711,0.147511,0,0,,,,,,,,,,,
0.709, ,1.35425,0.066467,-0.571058,-0.34761,0,0, ,2.00026,0.291709,1.0711,0.147511,0,0,,,,,,,,,,,
0.71, ,1.35368,0.0661194,-0.571058,-0.34761,0,0, ,2.00133,0.291856,1.0711,0.147511,0,0,,,,,,,,,,,
0.711, ,1.35311,0.0657718,-0.571058,-0.34761,0,0, ,2.0024,0.292004,1.0711,0.147511,0,0,,,,,,,,,,,
0.712, ,1.35254,0.0654242,-0.571058,-0.34761,0,0, ,2.00348,0.292151,1.0711,0.147511,0,0,,,,,,,,,,,
0.713, ,1.35197,0.0650766,-0.571058,-0.34761,0,0, ,2.00455,0.292299,1.0711,0.147511,0,0,,,,,,,,,,,
0.714, ,1.3514,0.064729,-0.571058,-0.34761,0,0, ,2.00562,0.292446,1.0711,0.147511,0,0,,,,,,,,,,,
0.715, ,1.35083,0.0643814,-0.571058,-0.34761,0,0, ,2.00669,0.292594,1.0711,0.147511,0,0,,,,,,,,,,,
0.716, ,1.35025,0.0640338,-0.571058,-0.34761,0,0, ,2.00776,0.292741,1.0711,0.147511,0,0,,,,,,,,,,,
0.717, ,1.34968,0.0636862,-0.571058,-0.34761,0,0, ,2.00883,0.292889,1.0711,0.147511,0,0,,,,,,,,,,,
0.718, ,1.34911,0.0633385,-0.571058,-0.34761,0,0, ,2.0099,0.293036,1.0711,0.147511,0,0,,,,,,,,,,,
0.719, ,1.34854,0.0629909,-0.571058,-0.34761,0,0, ,2.01097,0.293184,1.0711,0.147511,0,0,,,,,,,,,,,
0.72, ,1.34797,0.0626433,-0.571058,-0.34761,0,0, ,2.01204,0.293331,1.0711,0.147511,0,0,,,,,,,,,,,
0.721, ,1.3474,0.0622957,-0.571058,-0.34761,0,0, ,2.01312,0.293479,1.0711,0.147511,0,0,,,,,,,,,,,
0.722, ,1.34683,0.0619481,-0.571058,-0.34761,0,0, ,2.01419,0.293626,1.0711,0.147511,0,0,,,,,,,,,,,
0.723, ,1.34626,0.0616005,-0.571058,-0.34761,0,0, ,2.01526,0.293774,1.0711,0.147511,0,0,,,,,,,,,,,
0.724, ,1.34569,0.0612529,-0.571058,-0.34761,0,0, ,2.01633,0.293921,1.0711,0.147511,0,0,,,,,,,,,,,
0.725, ,1.34512,0.0609053,-0.571058,-0.34761,0,0, ,2.0174,0.294069,1.0711,0.147511,0,0,,,,,,,,,,,
0.726, ,1.34454,0.0605577,-0.571058,-0.34761,0,0, ,2.01847,0.294216,1.0711,0.147511,0,0,,,,,,,,,,,
0.727, ,1.34397,0.0602101,-0.571058,-0.34761,0,0, ,2.01954,0.294364,1.0711,0.147511,0,0,,,,,,,,,,,
0.728, ,1.3434,0.0598624,-0.571058,-0.34761,0,0, ,2.02061,0.294511,1.0711,0.147511,0,0,,,,,,,,,,,
0.729, ,1.34283,0.0595148,-0.571058,-0.34761,0,0, ,2.02168,0.294659,1.0711,0.147511,0,0,,,,,,,,,,,
0.73, ,1.34226,0.0591672,-0.571058,-0.34761,0,0, ,2.02275,0.294806,1.0711,0.147511,0,0,,,,,,,,,,,
0.731, ,1.34169,0.0588196,-0.571058,-0.34761,0,0, ,2.02383,0.294954,1.0711,0.147511,0,0,,,,,,,,,,,
0.732, ,1.34112,0.058472,-0.571058,-0.34761,0,0, ,2.0249,0.295101,1.0711,0.147511,0,0,,,,,,,,,,,
0.733, ,1.34055,0.0581244,-0.571058,-0.34761,0,0, ,2.02597,0.295249,1.0711,0.147511,0,0,,,,,,,,,,,
0.734, ,1.33998,0.0577768,-0.571058,-0.34761,0,0, ,2.02704,0.295396,1.0711,0.147511,0,0,,,,,,,,,,,
0.735, ,1.3394,0.0574292,-0.571058,-0.34761,0,0, ,2.02811,0.295544,1.0711,0.147511,0,0,,,,,,,,,,,
0.736, ,1.33883,0.0570816,-0.571058,-0.34761,0,0, ,2.02918,0.295691,1.0711,0.147511,0,0,,,,,,,,,,,
0.737, ,1.33826,0.056734,-0.571058,-0.34761,0,0, ,2.03025,0.295839,1.0711,0.147511,0,0,,,,,,,,,,,
0.738, ,1.33769,0.0563863,-0.571058,-0.34761,0,0, ,2.03132,0.295986,1.0711,0.147511,0,0,,,,,,,,,,,
0.739, ,1.33712,0.0560387,-0.571058,-0.34761,0,0, ,2.03239,0.296134,1.0711,0.147511,0,0,,,,,,,,,,,
0.74, ,1.33655,0.0556911,-0.571058,-0.34761,0,0, ,2.03347,0.296281,1.0711,0.147511,0,0,,,,,,,,,,,
0.741, ,1.33598,0.0553435,-0.571058,-0.34761,0,0, ,2.03454,0.296429,1.0711,0.147511,0,0,,,,,,,,,,,
0.742, ,1.33541,0.0549959,-0.571058,-0.34761,0,0, ,2.03561,0.296576,1.0711,0.147511,0,0,,,,,,,,,,,
0.743, ,1.33484,0.0546483,-0.571058,-0.34761,0,0, ,2.03668,0.296724,1.0711,0.147511,0,0,,,,,,,,,,,
0.744, ,1.33427,0.0543007,-0.571058,-0.34761,0,0, ,2.03775,0.296871,1.0711,0.147511,0,0,,,,,,,,,,,
0.745, ,1.33369,0.0539531,-0.571058,-0.34761,0,0, ,2.03882,0.297019,1.0711,0.147511,0,0,,,,,,,,,,,
0.746, ,1.33312,0.0536055,-0.571058,-0.34761,0,0, ,2.03989,0.297167,1.0711,0.147511,0,0,,,,,,,,,,,
0.747, ,1.33255,0.0532579,-0.571058,-0.34761,0,0, ,2.04096,0.297314,1.0711,0.147511,0,0,,,,,,,,,,,
0.748, ,1.33198,0.0529102,-0.571058,-0.34761,0,0, ,2.04203,0.297462,1.0711,0.147511,0,0,,,,,,,,,,,
0.749, ,1.33141,0.0525626,-0.571058,-0.34761,0,0, ,2.04311,0.297609,1.0711,0.147511,0,0,,,,,,,,,,,
0.75, ,1.33084,0.052215,-0.571058,-0.34761,0,0, ,2.04418,0.297757,1.0711,0.147511,0,0,,,,,,,,,,,
0.751, ,1.33027,0.0518674,-0.571058,-0.34761,0,0, ,2.04525,0.297904,1.0711,0.147511,0,0,,,,,,,,,,,
0.752, ,1.3297,0.0515198,-0.571058,-0.34761,0,0, ,2.04632,0.298052,1.0711,0.147511,0,0,,,,,,,,,,,
0.753, ,1.32913,0.0511722,-0.571058,-0.34761,0,0, ,2.04739,0.298199,1.0711,0.147511,0,0,,,,,,,,,,,
0.754, ,1.32855,0.0508246,-0.571058,-0.34761,0,0, ,2.04846,0.298347,1.0711,0.147511,0,0,,,,,,,,,,,
0.755, ,1.32798,0.050477,-0.571058,-0.34761,0,0, ,2.04953,0.298494,1.0711,0.147511,0,0,,,,,,,,,,,
0.756, ,1.32741,0.0501294,-0.571058,-0.34761,0,0, ,2.0506,0.298642,1.0711,0.147511,0,0,,,,,,,,,,,
0.757, ,1.32684,0.0497818,-0.571058,-0.34761,0,0, ,2.05167,0.298789,1.0711,0.147511,0,0,,,,,,,,,,,
0.758, ,1.32627,0.0494341,-0.571058,-0.34761,0,0, ,2.05275,0.298937,1.0711,0.147511,0,0,,,,,,,,,,,
0.759, ,1.3257,0.0490865,-0.571058,-0.34761,0,0, ,2.05382,0.299084,1.0711,0.147511,0,0,,,,,,,,,,,
0.76, ,1.32513,0.0487389,-0.571058,-0.34761,0,0, ,2.05489,0.299232,1.0711,0.147511,0,0,,,,,,,,,,,
0.761, ,1.32456,0.0483913,-0.571058,-0.34761,0,0, ,2.05596,0.299379,1.0711,0.147511,0,0,,,,,,,,,,,
0.762, ,1.32399,0.0480437,-0.571058,-0.34761,0,0, ,2.05703,0.299527,1.0711,0.147511,0,0,,,,,,,,,,,
0.763, ,1.32342,0.0476961,-0.571058,-0.34761,0,0, ,2.0581,0.299674,1.0711,0.147511,0,0,,,,,,,,,,,
0.764, ,1.32284,0.0473485,-0.571058,-0.34761,0,0, ,2.05917,0.299822,1.0711,0.147511,0,0,,,,,,,,,,,
0.765, ,1.32227,0.0470009,-0.571058,-0.34761,0,0, ,2.06024,0.299969,1.0711,0.147511,0,0,,,,,,,,,,,
0.766, ,1.3217,0.0466533,-0.571058,-0.34761,0,0, ,2.06131,0.300117,1.0711,0.147511,0,0,,,,,,,,,,,
0.767, ,1.32113,0.0463057,-0.571058,-0.34761,0,0, ,2.06239,0.300264,1.0711,0.147511,0,0,,,,,,,,,,,
0.768, ,1.32056,0.045958,-0.571058,-0.34761,0,0, ,2.06346,0.300412,1.0711,0.147511,0,0,,,,,,,,,,,
0.769, ,1.31999,0.0456104,-0.571058,-0.34761,0,0, ,2.06453,0.300559,1.0711,0.147511,0,0,,,,,,,,,,,
0.77, ,1.31942,0.0452628,-0.571058,-0.34761,0,0, ,2.0656,0.300707,1.0711,0.147511,0,0,,,,,,,,,,,
0.771, ,1.31885,0.0449152,-0.571058,-0.34761,0,0, ,2.06667,0.300854,1.0711,0.147511,0,0,,,,,,,,,,,
0.772, ,1.31828,0.0445676,-0.571058,-0.34761,0,0, ,2.06774,0.301002,1.0711,0.147511,0,0,,,,,,,,,,,
0.773, ,1.3177,0.04422,-0.571058,-0.34761,0,0, ,2.06881,0.301149,1.0711,0.147511,0,0,,,,,,,,,,,
0.774, ,1.31713,0.0438724,-0.571058,-0.34761,0,0, ,2.06988,0.301297,1.0711,0.147511,0,0,,,,,,,,,,,
0.775, ,1.31656,0.0435248,-0.571058,-0.34761,0,0, ,2.07095,0.301444,1.0711,0.147511,0,0,,,,,,,,,,,
0.776, ,1.31599,0.0431772,-0.571058,-0.34761,0,0, ,2.07203,0.301592,1.0711,0.147511,0,0,,,,,,,,,,,
0.777, ,1.31542,0.0428296,-0.571058,-0.34761,0,0, ,2.0731,0.301739,1.0711,0.147511,0,0,,,,,,,,,,,
0.778, ,1.31485,0.0424819,-0.571058,-0.34761,0,0, ,2.07417,0.301887,1.0711,0.147511,0,0,,,,,,,,,,,
0.779, ,1.31428,0.0421343,-0.571058,-0.34761,0,0, ,2.07524,0.302034,1.0711,0.147511,0,0,,,,,,,,,,,
0.78, ,1.31371,0.0417867,-0.571058,-0.34761,0,0, ,2.07631,0.302182,1.0711,0.147511,0,0,,,,,,,,,,,
0.781, ,1.31314,0.0414391,-0.571058,-0.34761,0,0, ,2.07738,0.302329,1.0711,0.147511,0,0,,,,,,,,,,,
0.782, ,1.31257,0.0410915,-0.571058,-0.34761,0,0, ,2.07845,0.302477,1.0711,0.147511,0,0,,,,,,,,,,,
0.783, ,1.31199,0.0407439,-0.571058,-0.34761,0,0, ,2.07952,0.302624,1.0711,0.147511,0,0,,,,,,,,,,,
0.784, ,1.31142,0.0403963,-0.571058,-0.34761,0,0, ,2.08059,0.302772,1.0711,0.147511,0,0,,,,,,,,,,,
0.785, ,1.31085,0.0400487,-0.571058,-0.34761,0,0, ,2.08167,0.302919,1.0711,0.147511,0,0,,,,,,,,,,,
0.786, ,1.31028,0.0397011,-0.571058,-0.34761,0,0, ,2.08274,0.303067,1.0711,0.147511,0,0,,,,,,,,,,,
0.787, ,1.30971,0.0393535,-0.571058,-0.34761,0,0, ,2.08381,0.303214,1.0711,0.147511,0,0,,,,,,,,,,,
0.788, ,1.30914,0.0390058,-0.571058,-0.34761,0,0, ,2.08488,0.303362,1.0711,0.147511,0,0,,,,,,,,,,,
0.789, ,1.30857,0.0386582,-0.571058,-0.34761,0,0, ,2.08595,0.303509,1.0711,0.147511,0,0,,,,,,,,,,,
0.79, ,1.308,0.0383106,-0.571058,-0.34761,0,0, ,2.08702,0.303657,1.0711,0.147511,0,0,,,,,,,,,,,
0.791, ,1.30743,0.037963,-0.571058,-0.34761,0,0, ,2.08809,0.303805,1.0711,0.147511,0,0,,,,,,,,,,,
0.792, ,1.30685,0.0376154,-0.571058,-0.34761,0,0, ,2.08916,0.303952,1.0711,0.147511,0,0,,,,,,,,,,,
0.793, ,1.30628,0.0372678,-0.571058,-0.34761,0,0, ,2.09023,0.3041,1.0711,0.147511,0,0,,,,,,,,,,,
0.794, ,1.30571,0.0369202,-0.571058,-0.34761,0,0, ,2.09131,0.304247,1.0711,0.147511,0,0,,,,,,,,,,,
0.795, ,1.30514,0.0365726,-0.571058,-0.34761,0,0, ,2.09238,0.304395,1.0711,0.147511,0,0,,,,,,,,,,,
0.796, ,1.30457,0.036225,-0.571058,-0.34761,0,0, ,2.09345,0.304542,1.0711,0.147511,0,0,,,,,,,,,,,
0.797, ,1.304,0.0358774,-0.571058,-0.34761,0,0, ,2.09452,0.30469,1.0711,0.147511,0,0,,,,,,,,,,,
0.798, ,1.30343,0.0355298,-0.571058,-0.34761,0,0, ,2.09559,0.304837,1.0711,0.147511,0,0,,,,,,,,,,,
0.799, ,1.30286,0.0351821,-0.571058,-0.34761,0,0, ,2.09666,0.304985,1.0711,0.147511,0,0,,,,,,,,,,,
0.8, ,1.30229,0.0348345,-0.571058,-0.34761,0,0, ,2.09773,0.305132,1.0711,0.147511,0,0,,,,,,,,,,,
0.801, ,1.30171,0.0344869,-0.571058,-0.34761,0,0, ,2.0988,0.30528,1.0711,0.147511,0,0,,,,,,,,,,,
0.802, ,1.30114,0.0341393,-0.571058,-0.34761,0,0, ,2.09987,0.305427,1.0711,0.147511,0,0,,,,,,,,,,,
0.803, ,1.30057,0.0337917,-0.571058,-0.34761,0,0, ,2.10095,0.305575,1.0711,0.147511,0,0,,,,,,,,,,,
0.804, ,1.3,0.0334441,-0.571058,-0.34761,0,0, ,2.10202,0.305722,1.0711,0.147511,0,0,,,,,,,,,,,
0.805, ,1.29943,0.0330965,-0.571058,-0.34761,0,0, ,2.10309,0.30587,1.0711,0.147511,0,0,,,,,,,,,,,
0.806, ,1.29886,0.0327489,-0.571058,-0.34761,0,0, ,2.10416,0.306017,1.0711,0.147511,0,0,,,,,,,,,,,
0.807, ,1.29829,0.0324013,-0.571058,-0.34761,0,0, ,2.10523,0.306165,1.0711,0.147511,0,0,,,,,,,,,,,
0.808, ,1.29772,0.0320537,-0.571058,-0.34761,0,0, ,2.1063,0.306312,1.0711,0.147511,0,0,,,,,,,,,,,
0.809, ,1.29715,0.031706,-0.571058,-0.34761,0,0, ,2.10737,0.30646,1.0711,0.147511,0,0,,,,,,,,,,,
0.81, ,1.29658,0.0313584,-0.571058,-0.34761,0,0, ,2.10844,0.306607,1.0711,0.147511,0,0,,,,,,,,,,,
0.811, ,1.296,0.0310108,-0.571058,-0.34761,0,0, ,2.10951,0.306755,1.0711,0.147511,0,0,,,,,,,,,,,
0.812, ,1.29543,0.0306632,-0.571058,-0.34761,0,0, ,2.11059,0.306902,1.0711,0.147511,0,0,,,,,,,,,,,
0.813, ,1.29486,0.0303156,-0.571058,-0.34761,0,0, ,2.11166,0.30705,1.0711,0.147511,0,0,,,,,,,,,,,
0.814, ,1.29429,0.029968,-0.571058,-0.34761,0,0, ,2.11273,0.307197,1.0711,0.147511,0,0,,,,,,,,,,,
0.815, ,1.29372,0.0296204,-0.571058,-0.34761,0,0, ,2.1138,0.307345,1.0711,0.147511,0,0,,,,,,,,,,,
0.816, ,1.29315,0.0292728,-0.571058,-0.34761,0,0, ,2.11487,0.307492,1.0711,0.147511,0,0,,,,,,,,,,,
0.817, ,1.29258,0.0289252,-0.571058,-0.34761,0,0, ,2.11594,0.30764,1.0711,0.147511,0,0,,,,,,,,,,,
0.818, ,1.29201,0.0285776,-0.571058,-0.34761,0,0, ,2.11701,0.307787,1.0711,0.147511,0,0,,,,,,,,,,,
0.819, ,1.29144,0.0282299,-0.571058,-0.34761,0,0, ,2.11808,0.307935,1.0711,0.147511,0,0,,,,,,,,,,,
0.82, ,1.29086,0.0278823,-0.571058,-0.34761,0,0, ,2.11915,0.308082,1.0711,0.147511,0,0,,,,,,,,,,,
0.821, ,1.29029,0.0275347,-0.571058,-0.34761,0,0, ,2.12022,0.30823,1.0711,0.147511,0,0,,,,,,,,,,,
0.822, ,1.28972,0.0271871,-0.571058,-0.34761,0,0, ,2.1213,0.308377,1.0711,0.147511,0,0,,,,,,,,,,,
0.823, ,1.28915,0.0268395,-0.571058,-0.34761,0,0, ,2.12237,0.308525,1.0711,0.147511,0,0,,,,,,,,,,,
0.824, ,1.28858,0.0264919,-0.571058,-0.34761,0,0, ,2.12344,0.308672,1.0711,0.147511,0,0,,,,,,,,,,,
0.825, ,1.28801,0.0261443,-0.571058,-0.34761,0,0, ,2.12451,0.30882,1.0711,0.147511,0,0,,,,,,,,,,,
0.826, ,1.28744,0.0257967,-0.571058,-0.34761,0,0, ,2.12558,0.308967,1.0711,0.147511,0,0,,,,,,,,,,,
0.827, ,1.28687,0.0254491,-0.571058,-0.34761,0,0, ,2.12665,0.309115,1.0711,0.147511,0,0,,,,,,,,,,,
0.828, ,1.2863,0.0251015,-0.571058,-0.34761,0,0, ,2.12772,0.309262,1.0711,0.147511,0,0,,,,,,,,,,,
0.829, ,1.28573,0.0247538,-0.571058,-0.34761,0,0, ,2.12879,0.30941,1.0711,0.147511,0,0,,,,,,,,,,,
0.83, ,1.28515,0.0244062,-0.571058,-0.34761,0,0, ,2.12986,0.309557,1.0711,0.147511,0,0,,,,,,,,,,,
0.831, ,1.28458,0.0240586,-0.571058,-0.34761,0,0, ,2.13094,0.309705,1.0711,0.147511,0,0,,,,,,,,,,,
0.832, ,1.28401,0.023711,-0.571058,-0.34761,0,0, ,2.13201,0.309852,1.0711,0.147511,0,0,,,,,,,,,,,
0.833, ,1.28344,0.0233634,-0.571058,-0.34761,0,0, ,2.13308,0.31,1.0711,0.147511,0,0,,,,,,,,,,,
0.834, ,1.28287,0.0230158,-0.571058,-0.34761,0,0, ,2.13415,0.310147,1.0711,0.147511,0,0,,,,,,,,,,,
0.835, ,1.2823,0.0226682,-0.571058,-0.34761,0,0, ,2.13522,0.310295,1.0711,0.147511,0,0,,,,,,,,,,,
0.836, ,1.28173,0.0223206,-0.571058,-0.34761,0,0, ,2.13629,0.310443,1.0711,0.147511,0,0,,,,,,,,,,,
0.837, ,1.28116,0.021973,-0.571058,-0.34761,0,0, ,2.13736,0.31059,1.0711,0.147511,0,0,,,,,,,,,,,
0.838, ,1.28059,0.0216254,-0.571058,-0.34761,0,0, ,2.13843,0.310738,1.0711,0.147511,0,0,,,,,,,,,,,
0.839, ,1.28001,0.0212777,-0.571058,-0.34761,0,0, ,2.1395,0.310885,1.0711,0.147511,0,0,,,,,,,,,,,
0.84, ,1.27944,0.0209301,-0.571058,-0.34761,0,0, ,2.14058,0.311033,1.0711,0.147511,0,0,,,,,,,,,,,
0.841, ,1.27887,0.0205825,-0.571058,-0.34761,0,0, ,2.14165,0.31118,1.0711,0.147511,0,0,,,,,,,,,,,
0.842, ,1.2783,0.0202349,-0.571058,-0.34761,0,0, ,2.14272,0.311328,1.0711,0.147511,0,0,,,,,,,,,,,
0.843, ,1.27773,0.0198873,-0.571058,-0.34761,0,0, ,2.14379,0.311475,1.0711,0.147511,0,0,,,,,,,,,,,
0.844, ,1.27716,0.0195397,-0.571058,-0.34761,0,0, ,2.14486,0.311623,1.0711,0.147511,0,0,,,,,,,,,,,
0.845, ,1.27659,0.0191921,-0.571058,-0.34761,0,0, ,2.14593,0.31177,1.0711,0.147511,0,0,,,,,,,,,,,
0.846, ,1.27602,0.0188445,-0.571058,-0.34761,0,0, ,2.147,0.311918,1.0711,0.147511,0,0,,,,,,,,,,,
0.847, ,1.27545,0.0184969,-0.571058,-0.34761,0,0, ,2.14807,0.312065,1.0711,0.147511,0,0,,,,,,,,,,,
0.848, ,1.27488,0.0181493,-0.571058,-0.34761,0,0, ,2.14914,0.312213,1.0711,0.147511,0,0,,,,,,,,,,,
0.849, ,1.2743,0.0178016,-0.571058,-0.34761,0,0, ,2.15022,0.31236,1.0711,0.147511,0,0,,,,,,,,,,,
0.85, ,1.27373,0.017454,-0.571058,-0.34761,0,0, ,2.15129,0.312508,1.0711,0.147511,0,0,,,,,,,,,,,
0.851, ,1.27316,0.0171064,-0.571058,-0.34761,0,0, ,2.15236,0.312655,1.0711,0.147511,0,0,,,,,,,,,,,
0.852, ,1.27259,0.0167588,-0.571058,-0.34761,0,0, ,2.15343,0.312803,1.0711,0.147511,0,0,,,,,,,,,,,
0.853, ,1.27202,0.0164112,-0.571058,-0.34761,0,0, ,2.1545,0.31295,1.0711,0.147511,0,0,,,,,,,,,,,
0.854, ,1.27145,0.0160636,-0.571058,-0.34761,0,0, ,2.15557,0.313098,1.0711,0.147511,0,0,,,,,,,,,,,
0.855, ,1.27088,0.015716,-0.571058,-0.34761,0,0, ,2.15664,0.313245,1.0711,0.147511,0,0,,,,,,,,,,,
0.856, ,1.27031,0.0153684,-0.571058,-0.34761,0,0, ,2.15771,0.313393,1.0711,0.147511,0,0,,,,,,,,,,,
0.857, ,1.26974,0.0150208,-0.571058,-0.34761,0,0, ,2.15878,0.31354,1.0711,0.147511,0,0,,,,,,,,,,,
0.858, ,1.26916,0.0146732,-0.571058,-0.34761,0,0, ,2.15986,0.313688,1.0711,0.147511,0,0,,,,,,,,,,,
0.859, ,1.26859,0.0143255,-0.571058,-0.34761,0,0, ,2.16093,0.313835,1.0711,0.147511,0,0,,,,,,,,,,,
0.86, ,1.26802,0.0139779,-0.571058,-0.34761,0,0, ,2.162,0.313983,1.0711,0.147511,0,0,,,,,,,,,,,
0.861, ,1.26745,0.0136303,-0.571058,-0.34761,0,0, ,2.16307,0.31413,1.0711,0.147511,0,0,,,,,,,,,,,
0.862, ,1.26688,0.0132827,-0.571058,-0.34761,0,0, ,2.16414,0.314278,1.0711,0.147511,0,0,,,,,,,,,,,
0.863, ,1.26631,0.0129351,-0.571058,-0.34761,0,0, ,2.16521,0.314425,1.0711,0.147511,0,0,,,,,,,,,,,
0.864, ,1.26574,0.0125875,-0.571058,-0.34761,0,0, ,2.16628,0.314573,1.0711,0.147511,0,0,,,,,,,,,,,
0.865, ,1.26517,0.0122399,-0.571058,-0.34761,0,0, ,2.16735,0.31472,1.0711,0.147511,0,0,,,,,,,,,,,
0.866, ,1.2646,0.0118923,-0.571058,-0.34761,0,0, ,2.16842,0.314868,1.0711,0.147511,0,0,,,,,,,,,,,
0.867, ,1.26403,0.0115447,-0.571058,-0.34761,0,0, ,2.1695,0.315015,1.0711,0.147511,0,0,,,,,,,,,,,
0.868, ,1.26345,0.0111971,-0.571058,-0.34761,0,0, ,2.17057,0.315163,1.0711,0.147511,0,0,,,,,,,,,,,
0.869, ,1.26288,0.0108494,-0.571058,-0.34761,0,0, ,2.17164,0.31531,1.0711,0.147511,0,0,,,,,,,,,,,
0.87, ,1.26231,0.0105018,-0.571058,-0.34761,0,0, ,2.17271,0.315458,1.0711,0.147511,0,0,,,,,,,,,,,
0.871, ,1.26174,0.0101542,-0.571058,-0.34761,0,0, ,2.17378,0.315605,1.0711,0.147511,0,0,,,,,,,,,,,
0.872, ,1.26117,0.00980662,-0.571058,-0.34761,0,0, ,2.17485,0.315753,1.0711,0.147511,0,0,,,,,,,,,,,
0.873, ,1.2606,0.00945901,-0.571058,-0.34761,0,0, ,2.17592,0.3159,1.0711,0.147511,0,0,,,,,,,,,,,
0.874, ,1.26003,0.0091114,-0.571058,-0.34761,0,0, ,2.17699,0.316048,1.0711,0.147511,0,0,,,,,,,,,,,
0.875, ,1.25946,0.00876379,-0.571058,-0.34761,0,0, ,2.17806,0.316195,1.0711,0.147511,0,0,,,,,,,,,,,
0.876, ,1.25889,0.00841618,-0.571058,-0.34761,0,0, ,2.17914,0.316343,1.0711,0.147511,0,0,,,,,,,,,,,
0.877, ,1.25831,0.00806857,-0.571058,-0.34761,0,0, ,2.18021,0.31649,1.0711,0.147511,0,0,,,,,,,,,,,
0.878, ,1.25774,0.00772096,-0.571058,-0.34761,0,0, ,2.18128,0.316638,1.0711,0.147511,0,0,,,,,,,,,,,
0.879, ,1.25717,0.00737335,-0.571058,-0.34761,0,0, ,2.18235,0.316785,1.0711,0.147511,0,0,,,,,,,,,,,
0.88, ,1.2566,0.00702574,-0.571058,-0.34761,0,0, ,2.18342,0.316933,1.0711,0.147511,0,0,,,,,,,,,,,
0.881, ,1.25603,0.00667813,-0.571058,-0.34761,0,0, ,2.18449,0.31708,1.0711,0.147511,0,0,,,,,,,,,,,
0.882, ,1.25546,0.00633052,-0.571058,-0.34761,0,0, ,2.18556,0.317228,1.0711,0.147511,0,0,,,,,,,,,,,
0.883, ,1.25489,0.00598291,-0.571058,-0.34761,0,0, ,2.18663,0.317376,1.0711,0.147511,0,0,,,,,,,,,,,
0.884, ,1.25432,0.0056353,-0.571058,-0.34761,0,0, ,2.1877,0.317523,1.0711,0.147511,0,0,,,,,,,,,,,
0.885, ,1.25375,0.00528769,-0.571058,-0.34761,0,0, ,2.18878,0.317671,1.0711,0.147511,0,0,,,,,,,,,,,
0.886, ,1.25318,0.00494008,-0.571058,-0.34761,0,0, ,2.18985,0.317818,1.0711,0.147511,0,0,,,,,,,,,,,
0.887, ,1.2526,0.00459247,-0.571058,-0.34761,0,0, ,2.19092,0.317966,1.0711,0.147511,0,0,,,,,,,,,,,
0.888, ,1.25203,0.00424486,-0.571058,-0.34761,0,0, ,2.19199,0.318113,1.0711,0.147511,0,0,,,,,,,,,,,
0.889, ,1.25146,0.00389725,-0.571058,-0.34761,0,0, ,2.19306,0.318261,1.0711,0.147511,0,0,,,,,,,,,,,
0.89, ,1.25089,0.00354964,-0.571058,-0.34761,0,0, ,2.19413,0.318408,1.0711,0.147511,0,0,,,,,,,,,,,
0.891, ,1.25032,0.00320203,-0.571058,-0.34761,0,0, ,2.1952,0.318556,1.0711,0.147511,0,0,,,,,,,,,,,
0.892, ,1.24975,0.00285442,-0.571058,-0.34761,0,0, ,2.19627,0.318703,1.0711,0.147511,0,0,,,,,,,,,,,
0.893, ,1.24918,0.00250681,-0.571058,-0.34761,0,0, ,2.19734,0.318851,1.0711,0.147511,0,0,,,,,,,,,,,
0.894, ,1.24861,0.0021592,-0.571058,-0.34761,0,0, ,2.19842,0.318998,1.0711,0.147511,0,0,,,,,,,,,,,
0.895, ,1.24804,0.00181159,-0.571058,-0.34761,0,0, ,2.19949,0.319146,1.0711,0.147511,0,0,,,,,,,,,,,
0.896, ,1.24746,0.00146398,-0.571058,-0.34761,0,0, ,2.20056,0.319293,1.0711,0.147511,0,0,,,,,,,,,,,
0.897, ,1.24689,0.00111637,-0.571058,-0.34761,0,0, ,2.20163,0.319441,1.0711,0.147511,0,0,,,,,,,,,,,
0.898, ,1.24632,0.000768758,-0.571058,-0.34761,0,0, ,2.2027,0.319588,1.0711,0.147511,0,0,,,,,,,,,,,
0.899, ,1.24575,0.000421149,-0.571058,-0.34761,0,0, ,2.20377,0.319736,1.0711,0.147511,0,0,,,,,,,,,,,
0.9, ,1.24518,7.35E-05,-0.571058,-0.34761,0,0, ,2.20484,0.319883,1.0711,0.147511,0,0,,,,,,,,,,,
0.901, ,1.24461,-0.000274071,-0.571058,-0.34761,0,0, ,2.20591,0.320031,1.0711,0.147511,0,0,,,,,,,,,,,
0.902, ,1.24404,-0.000621681,-0.571058,-0.34761,0,0, ,2.20698,0.320178,1.0711,0.147511,0,0,,,,,,,,,,,
0.903, ,1.24347,-0.000969291,-0.571058,-0.34761,0,0, ,2.20806,0.320326,1.0711,0.147511,0,0,,,,,,,,,,,
0.904, ,1.2429,-0.0013169,-0.571058,-0.34761,0,0, ,2.20913,0.320473,1.0711,0.147511,0,0,,,,,,,,,,,
0.905, ,1.24232,-0.00166451,-0.571058,-0.34761,0,0, ,2.2102,0.320621,1.0711,0.147511,0,0,,,,,,,,,,,
0.906, ,1.24175,-0.00201212,-0.571058,-0.34761,0,0, ,2.21127,0.320768,1.0711,0.147511,0,0,,,,,,,,,,,
0.907, ,1.24118,-0.00235973,-0.571058,-0.34761,0,0, ,2.21234,0.320916,1.0711,0.147511,0,0,,,,,,,,,,,
0.908, ,1.24061,-0.00270734,-0.571058,-0.34761,0,0, ,2.21341,0.321063,1.0711,0.147511,0,0,,,,,,,,,,,
0.909, ,1.24004,-0.00305495,-0.571058,-0.34761,0,0, ,2.21448,0.321211,1.0711,0.147511,0,0,,,,,,,,,,,
0.91, ,1.23947,-0.00340256,-0.571058,-0.34761,0,0, ,2.21555,0.321358,1.0711,0.147511,0,0,,,,,,,,,,,
0.911, ,1.2389,-0.00375017,-0.571058,-0.34761,0,0, ,2.21662,0.321506,1.0711,0.147511,0,0,,,,,,,,,,,
0.912, ,1.23833,-0.00409778,-0.571058,-0.34761,0,0, ,2.21769,0.321653,1.0711,0.147511,0,0,,,,,,,,,,,
0.913, ,1.23776,-0.00444539,-0.571058,-0.34761,0,0, ,2.21877,0.321801,1.0711,0.147511,0,0,,,,,,,,,,,
0.914, ,1.23719,-0.004793,-0.571058,-0.34761,0,0, ,2.21984,0.321948,1.0711,0.147511,0,0,,,,,,,,,,,
0.915, ,1.23661,-0.00514061,-0.571058,-0.34761,0,0, ,2.22091,0.322096,1.0711,0.147511,0,0,,,,,,,,,,,
0.916, ,1.23604,-0.00548822,-0.571058,-0.34761,0,0, ,2.22198,0.322243,1.0711,0.147511,0,0,,,,,,,,,,,
0.917, ,1.23547,-0.00583583,-0.571058,-0.34761,0,0, ,2.22305,0.322391,1.0711,0.147511,0,0,,,,,,,,,,,
0.918, ,1.2349,-0.00618344,-0.571058,-0.34761,0,0, ,2.22412,0.322538,1.0711,0.147511,0,0,,,,,,,,,,,
0.919, ,1.23433,-0.00653105,-0.571058,-0.34761,0,0, ,2.22519,0.322686,1.0711,0.147511,0,0,,,,,,,,,,,
0.92, ,1.23376,-0.00687866,-0.571058,-0.34761,0,0, ,2.22626,0.322833,1.0711,0.147511,0,0,,,,,,,,,,,
0.921, ,1.23319,-0.00722627,-0.571058,-0.34761,0,0, ,2.22733,0.322981,1.0711,0.147511,0,0,,,,,,,,,,,
0.922, ,1.23262,-0.00757388,-0.571058,-0.34761,0,0, ,2.22841,0.323128,1.0711,0.147511,0,0,,,,,,,,,,,
0.923, ,1.23205,-0.00792149,-0.571058,-0.34761,0,0, ,2.22948,0.323276,1.0711,0.147511,0,0,,,,,,,,,,,
0.924, ,1.23147,-0.0082691,-0.571058,-0.34761,0,0, ,2.23055,0.323423,1.0711,0.147511,0,0,,,,,,,,,,,
0.925, ,1.2309,-0.00861671,-0.571058,-0.34761,0,0, ,2.23162,0.323571,1.0711,0.147511,0,0,,,,,,,,,,,
0.926, ,1.23033,-0.00896432,-0.571058,-0.34761,0,0, ,2.23269,0.323718,1.0711,0.147511,0,0,,,,,,,,,,,
0.927, ,1.22976,-0.00931193,-0.571058,-0.34761,0,0, ,2.23376,0.323866,1.0711,0.147511,0,0,,,,,,,,,,,
0.928, ,1.22919,-0.00965954,-0.571058,-0.34761,0,0, ,2.23483,0.324014,1.0711,0.147511,0,0,,,,,,,,,,,
0.929, ,1.22862,-0.0100071,-0.571058,-0.34761,0,0, ,2.2359,0.324161,1.0711,0.147511,0,0,,,,,,,,,,,
0.93, ,1.22805,-0.0103548,-0.571058,-0.34761,0,0, ,2.23697,0.324309,1.0711,0.147511,0,0,,,,,,,,,,,
0.931, ,1.22748,-0.0107024,-0.571058,-0.34761,0,0, ,2.23805,0.324456,1.0711,0.147511,0,0,,,,,,,,,,,
0.932, ,1.22691,-0.01105,-0.571058,-0.34761,0,0, ,2.23912,0.324604,1.0711,0.147511,0,0,,,,,,,,,,,
0.933, ,1.22634,-0.0113976,-0.571058,-0.34761,0,0, ,2.24019,0.324751,1.0711,0.147511,0,0,,,,,,,,,,,
0.934, ,1.22576,-0.0117452,-0.571058,-0.34761,0,0, ,2.24126,0.324899,1.0711,0.147511,0,0,,,,,,,,,,,
0.935, ,1.22519,-0.0120928,-0.571058,-0.34761,0,0, ,2.24233,0.325046,1.0711,0.147511,0,0,,,,,,,,,,,
0.936, ,1.22462,-0.0124404,-0.571058,-0.34761,0,0, ,2.2434,0.325194,1.0711,0.147511,0,0,,,,,,,,,,,
0.937, ,1.22405,-0.012788,-0.571058,-0.34761,0,0, ,2.24447,0.325341,1.0711,0.147511,0,0,,,,,,,,,,,
0.938, ,1.22348,-0.0131356,-0.571058,-0.34761,0,0, ,2.24554,0.325489,1.0711,0.147511,0,0,,,,,,,,,,,
0.939, ,1.22291,-0.0134832,-0.571058,-0.34761,0,0, ,2.24661,0.325636,1.0711,0.147511,0,0,,,,,,,,,,,
0.94, ,1.22234,-0.0138309,-0.571058,-0.34761,0,0, ,2.24769,0.325784,1.0711,0.147511,0,0,,,,,,,,,,,
0.941, ,1.22177,-0.0141785,-0.571058,-0.34761,0,0, ,2.24876,0.325931,1.0711,0.147511,0,0,,,,,,,,,,,
0.942, ,1.2212,-0.0145261,-0.571058,-0.34761,0,0, ,2.24983,0.326079,1.0711,0.147511,0,0,,,,,,,,,,,
0.943, ,1.22062,-0.0148737,-0.571058,-0.34761,0,0, ,2.2509,0.326226,1.0711,0.147511,0,0,,,,,,,,,,,
0.944, ,1.22005,-0.0152213,-0.571058,-0.34761,0,0, ,2.25197,0.326374,1.0711,0.147511,0,0,,,,,,,,,,,
0.945, ,1.21948,-0.0155689,-0.571058,-0.34761,0,0, ,2.25304,0.326521,1.0711,0.147511,0,0,,,,,,,,,,,
0.946, ,1.21891,-0.0159165,-0.571058,-0.34761,0,0, ,2.25411,0.326669,1.0711,0.147511,0,0,,,,,,,,,,,
0.947, ,1.21834,-0.0162641,-0.571058,-0.34761,0,0, ,2.25518,0.326816,1.0711,0.147511,0,0,,,,,,,,,,,
0.948, ,1.21777,-0.0166117,-0.571058,-0.34761,0,0, ,2.25625,0.326964,1.0711,0.147511,0,0,,,,,,,,,,,
0.949, ,1.2172,-0.0169593,-0.571058,-0.34761,0,0, ,2.25733,0.327111,1.0711,0.147511,0,0,,,,,,,,,,,
0.95, ,1.21663,-0.017307,-0.571058,-0.34761,0,0, ,2.2584,0.327259,1.0711,0.147511,0,0,,,,,,,,,,,
0.951, ,1.21606,-0.0176546,-0.571058,-0.34761,0,0, ,2.25947,0.327406,1.0711,0.147511,0,0,,,,,,,,,,,
0.952, ,1.21549,-0.0180022,-0.571058,-0.34761,0,0, ,2.26054,0.327554,1.0711,0.147511,0,0,,,,,,,,,,,
0.953, ,1.21491,-0.0183498,-0.571058,-0.34761,0,0, ,2.26161,0.327701,1.0711,0.147511,0,0,,,,,,,,,,,
0.954, ,1.21434,-0.0186974,-0.571058,-0.34761,0,0, ,2.26268,0.327849,1.0711,0.147511,0,0,,,,,,,,,,,
0.955, ,1.21377,-0.019045,-0.571058,-0.34761,0,0, ,2.26375,0.327996,1.0711,0.147511,0,0,,,,,,,,,,,
0.956, ,1.2132,-0.0193926,-0.571058,-0.34761,0,0, ,2.26482,0.328144,1.0711,0.147511,0,0,,,,,,,,,,,
0.957, ,1.21263,-0.0197402,-0.571058,-0.34761,0,0, ,2.26589,0.328291,1.0711,0.147511,0,0,,,,,,,,,,,
0.958, ,1.21206,-0.0200878,-0.571058,-0.34761,0,0, ,2.26697,0.328439,1.0711,0.147511,0,0,,,,,,,,,,,
0.959, ,1.21149,-0.0204354,-0.571058,-0.34761,0,0, ,2.26804,0.328586,1.0711,0.147511,0,0,,,,,,,,,,,
0.96, ,1.21092,-0.0207831,-0.571058,-0.34761,0,0, ,2.26911,0.328734,1.0711,0.147511,0,0,,,,,,,,,,,
0.961, ,1.21035,-0.0211307,-0.571058,-0.34761,0,0, ,2.27018,0.328881,1.0711,0.147511,0,0,,,,,,,,,,,
0.962, ,1.20977,-0.0214783,-0.571058,-0.34761,0,0, ,2.27125,0.329029,1.0711,0.147511,0,0,,,,,,,,,,,
0.963, ,1.2092,-0.0218259,-0.571058,-0.34761,0,0, ,2.27232,0.329176,1.0711,0.147511,0,0,,,,,,,,,,,
0.964, ,1.20863,-0.0221735,-0.571058,-0.34761,0,0, ,2.27339,0.329324,1.0711,0.147511,0,0,,,,,,,,,,,
0.965, ,1.20806,-0.0225211,-0.571058,-0.34761,0,0, ,2.27446,0.329471,1.0711,0.147511,0,0,,,,,,,,,,,
0.966, ,1.20749,-0.0228687,-0.571058,-0.34761,0,0, ,2.27553,0.329619,1.0711,0.147511,0,0,,,,,,,,,,,
0.967, ,1.20692,-0.0232163,-0.571058,-0.34761,0,0, ,2.27661,0.329766,1.0711,0.147511,0,0,,,,,,,,,,,
0.968, ,1.20635,-0.0235639,-0.571058,-0.34761,0,0, ,2.27768,0.329914,1.0711,0.147511,0,0,,,,,,,,,,,
0.969, ,1.20578,-0.0239115,-0.571058,-0.34761,0,0, ,2.27875,0.330061,1.0711,0.147511,0,0,,,,,,,,,,,
0.97, ,1.20521,-0.0242592,-0.571058,-0.34761,0,0, ,2.27982,0.330209,1.0711,0.147511,0,0,,,,,,,,,,,
0.971, ,1.20464,-0.0246068,-0.571058,-0.34761,0,0, ,2.28089,0.330356,1.0711,0.147511,0,0,,,,,,,,,,,
0.972, ,1.20406,-0.0249544,-0.571058,-0.34761,0,0, ,2.28196,0.330504,1.0711,0.147511,0,0,,,,,,,,,,,
0.973, ,1.20349,-0.025302,-0.571058,-0.34761,0,0, ,2.28303,0.330652,1.0711,0.147511,0,0,,,,,,,,,,,
0.974, ,1.20292,-0.0256496,-0.571058,-0.34761,0,0, ,2.2841,0.330799,1.0711,0.147511,0,0,,,,,,,,,,,
0.975, ,1.20235,-0.0259972,-0.571058,-0.34761,0,0, ,2.28517,0.330947,1.0711,0.147511,0,0,,,,,,,,,,,
0.976, ,1.20178,-0.0263448,-0.571058,-0.34761,0,0, ,2.28625,0.331094,1.0711,0.147511,0,0,,,,,,,,,,,
0.977, ,1.20121,-0.0266924,-0.571058,-0.34761,0,0, ,2.28732,0.331242,1.0711,0.147511,0,0,,,,,,,,,,,
0.978, ,1.20064,-0.02704,-0.571058,-0.34761,0,0, ,2.28839,0.331389,1.0711,0.147511,0,0,,,,,,,,,,,
0.979, ,1.20007,-0.0273876,-0.571058,-0.34761,0,0, ,2.28946,0.331537,1.0711,0.147511,0,0,,,,,,,,,,,
0.98, ,1.1995,-0.0277353,-0.571058,-0.34761,0,0, ,2.29053,0.331684,1.0711,0.147511,0,0,,,,,,,,,,,
0.981, ,1.19892,-0.0280829,-0.571058,-0.34761,0,0, ,2.2916,0.331832,1.0711,0.147511,0,0,,,,,,,,,,,
0.982, ,1.19835,-0.0284305,-0.571058,-0.34761,0,0, ,2.29267,0.331979,1.0711,0.147511,0,0,,,,,,,,,,,
0.983, ,1.19778,-0.0287781,-0.571058,-0.34761,0,0, ,2.29374,0.332127,1.0711,0.147511,0,0,,,,,,,,,,,
0.984, ,1.19721,-0.0291257,-0.571058,-0.34761,0,0, ,2.29481,0.332274,1.0711,0.147511,0,0,,,,,,,,,,,
0.985, ,1.19664,-0.0294733,-0.571058,-0.34761,0,0, ,2.29589,0.332422,1.0711,0.147511,0,0,,,,,,,,,,,
0.986, ,1.19607,-0.0298209,-0.571058,-0.34761,0,0, ,2.29696,0.332569,1.0711,0.147511,0,0,,,,,,,,,,,
0.987, ,1.1955,-0.0301685,-0.571058,-0.34761,0,0, ,2.29803,0.332717,1.0711,0.147511,0,0,,,,,,,,,,,
0.988, ,1.19493,-0.0305161,-0.571058,-0.34761,0,0, ,2.2991,0.332864,1.0711,0.147511,0,0,,,,,,,,,,,
0.989, ,1.19436,-0.0308637,-0.571058,-0.34761,0,0, ,2.30017,0.333012,1.0711,0.147511,0,0,,,,,,,,,,,
0.99, ,1.19379,-0.0312114,-0.571058,-0.34761,0,0, ,2.30124,0.333159,1.0711,0.147511,0,0,,,,,,,,,,,
0.991, ,1.19321,-0.031559,-0.571058,-0.34761,0,0, ,2.30231,0.333307,1.0711,0.147511,0,0,,,,,,,,,,,
0.992, ,1.19264,-0.0319066,-0.571058,-0.34761,0,0, ,2.30338,0.333454,1.0711,0.147511,0,0,,,,,,,,,,,
0.993, ,1.19207,-0.0322542,-0.571058,-0.34761,0,0, ,2.30445,0.333602,1.0711,0.147511,0,0,,,,,,,,,,,
0.994, ,1.1915,-0.0326018,-0.571058,-0.34761,0,0, ,2.30553,0.333749,1.0711,0.147511,0,0,,,,,,,,,,,
0.995, ,1.19093,-0.0329494,-0.571058,-0.34761,0,0, ,2.3066,0.333897,1.0711,0.147511,0,0,,,,,,,,,,,
0.996, ,1.19036,-0.033297,-0.571058,-0.34761,0,0, ,2.30767,0.334044,1.0711,0.147511,0,0,,,,,,,,,,,
0.997, ,1.18979,-0.0336446,-0.571058,-0.34761,0,0, ,2.30874,0.334192,1.0711,0.147511,0,0,,,,,,,,,,,
0.998, ,1.18922,-0.0339922,-0.571058,-0.34761,0,0, ,2.30981,0.334339,1.0711,0.147511,0,0,,,,,,,,,,,
0.999, ,1.18865,-0.0343398,-0.571058,-0.34761,0,0, ,2.31088,0.334487,1.0711,0.147511,0,0,,,,,,,,,,,
1, ,1.18807,-0.0346875,-0.571058,-0.34761,0,0, ,2.31195,0.334634,1.0711,0.147511,0,0,,,,,,,,,,,
